"Source","Target"
"hi","bye"
"Kandimalla R"," Reddy PH."
"Ascenzi M"," Bony G."
"Polo E"," Kruss S."
"Angelovski G"," Tóth É."
"Li ZJ"," Cho CH."
"Pocock JM"," Kettenmann H."
"Burton MD"," Kazemi H."
"Rusak B"," Bina KG."
"Kuriyama H"," Ueno H."
"Szapiro G"," Barbour B."
"Lapalus P"," Elena PP."
"Cottrell GA"," Bewick GS."
"Karlsson JA"," Persson CG."
"Harris KD"," Zahavi A."
"Owen F"," Crow TJ."
"Hösli E"," Hösli L."
"Shankaran DR"," Miura N."
"Snyder SH"," Kim PM."
"Zabadaj M"," Ciosek-Skibińska P."
"Wetzel H"," Benkert O."
"Werner FM"," Coveñas R."
"Yi Z"," Brown PR."
"Parnavelas JG"," Cavanagh ME."
"Niwa M"," Taniyama K."
"Middlemiss DN"," Hutson PH."
"Reinikainen K"," Riekkinen PJ."
"Omote K"," Namiki A."
"Álvarez-Martos I"," Ferapontova EE."
"Li H"," Yan ZY."
"Nilsson S"," Holmgren S."
"Mirmiran M"," Swaab DF."
"Gibson KM"," De Vivo DC."
"Lomax P"," Green MD."
"Robinson MB"," Coyle JT."
"Keenan CL"," Koopowitz H."
"Wu SM"," Maple BR."
"González MI"," Robinson MB."
"Kim JS"," Zhen M."
"Reyes-García MG"," García-Tamayo F."
"Qiu YH"," Wang JH."
"Marrs TC"," Maynard RL."
"Lang K"," Bastian P."
"Noudoost B"," Moore T."
"Bovingdon ME"," Webster RA."
"Ruzicka BB"," Jhamandas KH."
"Xia Y"," Cao XD."
"Worrall DM"," Williams DC."
"Hösli L"," Hösli E."
"Boada JN"," Bayo JM."
"Foxx-Orenstein AE"," Grider JR."
"Argiolas A"," Melis MR."
"Swoboda KJ"," Hyland K."
"Robel P"," Baulieu EE."
"Penmatsa A"," Gouaux E."
"Melkikh AV"," Seleznev VD."
"de Groat WC"," Yoshimura N."
"Straub RH"," Jessop DS."
"De Simoni MG"," Imeri L."
"Soghomonian JJ"," Martin DL."
"Kitayama S"," Dohi T."
"Brezina V"," Weiss KR."
"Ogata N"," Kuriyama H."
"Wauben IP"," Wainwright PE."
"Smith BR"," Amit Z."
"Adeghate E"," Singh J."
"Janssens WJ"," Vanhoutte PM."
"Renaud LP"," Kelly JS."
"Takayasu M"," Dacey RG Jr."
"Yang L"," Beal MF."
"Tayebati SK"," Amenta F."
"Hansson E"," Rönnbäck L."
"Kawano T"," Hosoya H."
"Pinborg LH"," Knudsen GM."
"Ishizaki F"," Kito S."
"Diniz Behn CG"," Booth V."
"Gallinat J"," Heinz A."
"Aliyev NN"," Aliyev ZN."
"Koroleva SV"," Miasoedov NF."
"Walker RJ"," Holden-Dye L."
"Lipton SA"," Kater SB."
"Tsakadze LG"," Kometiani ZP."
"Thompson GA"," Kilpatrick IC."
"Shibata S"," Tominaga K."
"Brown GM"," Grota LJ."
"Esterle TM"," Sanders-Bush E."
"Giannini AJ"," Miller NS."
"Baumann C"," Bassetti C."
"Starratt AN"," Brown BE."
"Shukla M"," Tripathi SN."
"Shibata S"," Watanabe S."
"Bhattacharya SK"," Bhattacharya D."
"Ghosh P"," Bhattacharya SK."
"Kaźmierczak H"," Mierzwiński J."
"Kerwin RW"," Pycock CJ."
"Razzak MA"," Naguib M."
"Gur RE"," Gur RC."
"Wiens BL"," Brownell PH."
"Houk EJ"," Beck SD."
"Faler CA"," Joullié MM."
"Cuénod M"," Reubi JC."
"Allen DL"," Renner KJ."
"Cooper JR"," Zoltay G."
"Hosokawa H"," Kaseda M."
"Monnier M"," Schoenenberger GA."
"Bhattacharya SK"," Sarkar MK."
"Shmukier YB"," Buznikov GA."
"Zhang MY"," Beyer CE."
"Luton JP"," Chaumerliac P."
"Trouillon R"," Ewing AG."
"Burchett SA"," Hicks TP."
"Baranowska I"," Zydron M."
"Akasu T"," Koketsu K."
"Kobayashi S"," Terao Y."
"Zorumski CF"," Mennerick S."
"Watanabe A"," Nagashima H."
"Mokrushin AA"," Tokarev AV."
"Sutton RN"," Itzhaki RF."
"Headley PM"," Grillner S."
"Khvotchev M"," Kavalali ET."
"Herlenius E"," Lagercrantz H."
"Melcangi RC"," Panzica GC."
"Liu J"," Mori A."
"Kuriyama K"," Ohkuma S."
"Wang CF"," Han SP."
"Bealer SL"," Crowley WR."
"Ghouri MS"," Shibata S."
"Stamford JA"," Justice JB Jr."
"Ricci LC"," Wellman MM."
"Konopińska D"," Rosiński G."
"Villar D"," Schaeffer DJ."
"Johnston MV"," Singer HS."
"Bucher ES"," Wightman RM."
"Singewald N"," Philippu A."
"Doughty B"," Crozier J."
"Rőszer T"," Bánfalvi G."
"Andäng M"," Lendahl U."
"Nair NP"," Sharma M."
"Borowsky B"," Hoffman BJ."
"Werner FM"," Coveñas R."
"Petrelli F"," Bezzi P."
"Crockett MJ"," Fehr E."
"Weigent DA"," Blalock JE."
"Birbeck JA"," Mathews TA."
"Koh DS"," Hille B."
"Chapple C"," Chess-Williams R."
"Carvajal SH"," Mulvihill SJ."
"Sullivan KG"," Levin M."
"Nilsson GE"," Lutz PL."
"Ben-Am M"," Korczyn AD."
"Gustavsson N"," Han W."
"Li XT"," He RR."
"Saleh TM"," Cechetto DF."
"Herlenius E"," Lagercrantz H."
"Trouillon R"," Gijs MAM."
"Askenasy N"," Askenasy JJ."
"Harro J"," Oreland L."
"Biegon R"," Pappano A."
"Jeyarajah S"," Papagrigoriadis S."
"Ruediger T"," Bolz J."
"Marshall KC"," Xiong HG."
"Kahn CH"," Warfield CA."
"Maximino C"," Herculano AM."
"He W"," Wu G."
"Yabe T"," Furuya N."
"Thomsen LL"," Olesen J."
"Akai M"," Wakisaka S."
"Otsuka M"," Yanagisawa M."
"Ohkuma S"," Kuriyama K."
"Buznikov GA"," Shmukler YB."
"McDonald WM"," Nemeroff CB."
"Zhao XE"," Suo YR."
"Eichhorn EJ"," Sobotka P."
"Başar E"," Güntekin B."
"Tomkins DM"," Sellers EM."
"Ribeiro-da-Silva A"," Cuello AC."
"Calisi RM"," Saldanha CJ."
"Magistretti PJ"," Pellerin L."
"Wafford KA"," Sattelle DB."
"Chopp M"," Weinrich M."
"Bondì M"," Bondì M."
"van Kesteren RE"," Spencer GE."
"Mellon SH"," Griffin LD."
"Bairam A"," Carroll JL."
"Wolfram V"," Baines RA."
"Holman GM"," Hayes TK."
"Owman C"," Hardebo JE."
"Piercey MF"," Hoffmann WE."
"Fon EA"," Edwards RH."
"Boeckxstaens GE"," Pelckmans PA."
"Dovedova EL"," Monakov MY."
"Lodin Z"," Faltin J."
"MacKenzie G"," Maguire J."
"Pax RA"," Bennett JL."
"Meston CM"," Frohlich PF."
"Singh PP"," Junnarkar AY."
"Onodera K"," Watanabe T."
"Subaraja M"," Vanisree AJ."
"Trautwein W"," Cavalié A."
"Kenigsberg RL"," Cuello AC."
"Levi G"," Raiteri M."
"Spencer RF"," Baker R."
"Kaufman E"," McNaul JP."
"Agarwal N"," Renshaw PF."
"Patricelli MP"," Cravatt BF."
"Niel JP"," Julé Y."
"Chance WT"," Fischer JE."
"Liu YQ"," Gu JF."
"Collins GT"," Eguibar JR."
"Lux HD"," Heinemann U."
"Jacobson KA"," Boeynaems JM."
"Miller PS"," Smart TG."
"Fuentes P"," Slachevsky A."
"Mirzaei M"," Sawan M."
"Sadowska-Krowicka H"," Krowicki ZK."
"De Montigny C"," Lund JP."
"Faull KF"," Barchas JD."
"Liu KG"," Robichaud AJ."
"Xu T"," Hu XC."
"Nonogaki K"," Iguchi A."
"Dietrichs E"," Gundersen V."
"Chistopol'skiĭ IA"," Sakharov DA."
"Green BT"," Brown DR."
"Argiolas A"," Rosaria Melis M."
"Pilowsky PM"," Goodchild AK."
"Bennett MR"," Balcar VJ."
"Ondicova K"," Mravec B."
"Jessell TM"," Kelly JS."
"Sloley BD"," Juorio AV."
"Yanowitch R"," Coccaro EF."
"Holman GM"," Cook BJ."
"Sherry DM"," Yazulla S."
"Zestos AG"," Kennedy RT."
"Fregnan GB"," Chieli T."
"Januszewicz P"," Januszewicz A."
"Meeusen R"," De Meirleir K."
"Esplin DW"," Zablocka-Esplin B."
"Johnson RA"," Johnson FK."
"Friedel T"," Webb RA."
"Perfumo G"," De Matteis PL."
"Kardos J"," Nyikos L."
"Urushidani T"," Kanazawa I."
"Iwańczuk W"," Guźniczak P."
"Allain H"," Schuck S."
"Potdar S"," Sheeba V."
"Dumitrescu E"," Andreescu S."
"Knipper M"," Rylett RJ."
"Matsuzaki M"," Kasai H."
"Adamik A"," Telegdy G."
"Taylor GS"," Bywater RA."
"Jaffe LA"," Cross NL."
"Sakai R"," Swanson GT."
"Roth GS"," Hess GD."
"Jensen JB"," Garfinkel BD."
"Beleslin DB"," Myers RD."
"Breakefield XO"," Giller EL Jr."
"Kleinrok Z"," Turski L."
"Dörner G"," Hinz G."
"Wolfensberger M"," Amsler U."
"Norregaard L"," Gether U."
"Ohga A"," Ito S."
"Eybalin M"," Pujol R."
"Son JH"," Joh TH."
"Miszke A"," Rapacz K."
"Mélik-Parsadaniantz S"," Rostène W."
"Kennedy TE"," Tessier-Lavigne M."
"Carlen PL"," Durand D."
"Pérez-Isidoro R"," Ruiz-Suárez JC."
"McCobb DP"," Kater SB."
"Wetmore C"," Olson L."
"Cudjoe E"," Pawliszyn J."
"Korchounov A"," Ziemann U."
"Prast H"," Philippu A."
"Fagg GE"," Lane JD."
"Manent JB"," Represa A."
"Doussau F"," Augustine GJ."
"Pagel JF"," Helfter P."
"Dazzi F"," Scicchitano C."
"Werner FM"," Coveñas R."
"Terada K"," Ogata J."
"Fletcher EL"," Kalloniatis M."
"Stettler AR"," Schwarz MA."
"Lehnert H"," Wurtman RJ."
"Bazargani N"," Attwell D."
"Sandberg M"," Jacobson I."
"Kurjanova EV"," Teplyj DL."
"Sundvik M"," Panula P."
"Tossman U"," Ungerstedt U."
"Ermakova GA"," Kryzhanovskaia NA."
"Reis DJ"," Regunathan S."
"Takenaga M"," Kawasaki H."
"Haydon PG"," Ellis-Davies GC."
"Werner FM"," Coveñas R."
"Said SI"," Rattan S."
"Telegdy G"," Kokavszky K."
"Baranwal A"," Chandra P."
"Linster C"," Fontanini A."
"d'Ischia M"," Costantini C."
"Jackowska K"," Krysinski P."
"Samanin R"," Garattini S."
"Siraki AG"," O'Brien PJ."
"Buznikov GA"," Turpaev TM."
"Madva EN"," Granstein RD."
"Beckman ML"," Quick MW."
"Patel K"," Hellstrom WJ."
"Fink K"," Göthert M."
"Jackson VM"," Cunnane TC."
"Dhir A"," Kulkarni SK."
"Honegger P"," Richelson E."
"Martin JL"," Magistretti PJ."
"Kulinskiĭ VI"," Minakina LN."
"Wasti A"," Siddiqui NA."
"Holst SC"," Landolt HP."
"O'Shea M"," Adams ME."
"Delahunty TJ"," Johnston JM."
"Cytawa J"," Trojniar W."
"Schwarz MA"," Hauser PC."
"Molinar-Rode R"," Pasik P."
"Tallarida RJ"," Freeman KA."
"Mora F"," Ferrer JM."
"Eldridge FL"," Millhorn DE."
"Nakaki T"," Fujii T."
"Evans EF"," Zhao W."
"Geula C"," Darvesh S."
"Karaki SI"," Kuwahara A."
"Ando S"," Tanaka Y."
"Earley CJ"," Leonard BE."
"Aceituno V D"," Santander J."
"Kudriavtseva NN"," Bakshtanovskaia IV."
"Telegdy G"," Adamik A."
"Grant AO"," Wendt DJ."
"Luo QQ"," Chen SL."
"Kraus MM"," Philippu A."
"Averina OV"," Danilenko VN."
"Kow LM"," Pfaff DW."
"Munkvad I"," Braestrup C."
"Lorenzo JL"," Barbanoj MJ."
"Xu M"," Yang F."
"Racagni G"," Brunello N."
"Compagnon I"," Dugourd P."
"Richerson GB"," Wu Y."
"Koroleva SV"," Ashmarin IP."
"Gardner CR"," Walker RJ."
"Bauer B"," Ehinger B."
"D'Souza MS"," Markou A."
"Smith DF"," Jakobsen S."
"Ollat H"," Sebban C."
"Ghosh P"," Bhattacharya SK."
"Komáreková I"," Janík M."
"Migály P"," Jakab T."
"Baughman RW"," Gilbert CD."
"Houghton PJ"," Howes MJ."
"Rao A"," Lévi S."
"Blakely RD"," Edwards RH."
"Chen Z"," Skolnick P."
"Priestley JV"," Cuello AC."
"Rangel-Gomez M"," Meeter M."
"Haigler HJ"," Spring DD."
"Burger MM"," Schäfer T."
"Lewicki Z"," Sulikowska A."
"Budelmann BU"," Bonn U."
"Thompson BL"," Stanwood GD."
"Nováková M"," Myslivecek J."
"Martins RA"," Pearson RA."
"Nutt DJ"," Glue P."
"Kozaeva LP"," Korobov NV."
"George CF"," Singh SM."
"Sarbadhikari SN"," Chakrabarty K."
"Zimmerman BG"," Gisslen J."
"Fariello RG"," Garant DS."
"Ferando I"," Mody I."
"Clark JA"," Amara SG."
"Shao Y"," McCarthy KD."
"Milham S"," Stetzer D."
"Lee HK"," Elmslie KS."
"Roerig B"," Feller MB."
"Vanhatalo S"," Soinila S."
"Ohkuma S"," Katsura M."
"Hess GP"," Grewer C."
"De Santis A"," Messenger JB."
"Rorsman P"," Fredholm BB."
"Jones SW"," Friel DD."
"Katz PS"," Lillvis JL."
"van Dijk G"," Thiele TE."
"Owens DF"," Kriegstein AR."
"Sekiya M"," Kikuno M."
"Orrego F"," Villanueva S."
"Heien ML"," Sweedler JV."
"Ungerstedt U"," Hallström A."
"Belokoneva OS"," Zaĭtsev SV."
"Garaventa G"," Pallestrini EA."
"Huang SC"," Korlipara VL."
"Vlcková M"," Schwarz MA."
"Cheng SB"," Lu GQ."
"Hernández-Zamora E"," Poblano A."
"Luppi PH"," Fort P."
"Te Brugge VA"," Orchard I."
"Kato G"," Ban TA."
"Tam SW"," Zaczek R."
"Liu F"," Huang GY."
"Soulairac A"," Lambinet H."
"Li XN"," Huang CT."
"Devadas M"," Morgan I."
"Barton SB"," Cohen IS."
"Descamps M"," Lassalle B."
"Prell GD"," Green JP."
"da Silva GF"," Ming LJ."
"Bonanno G"," Raiteri M."
"L'Espérance PY"," Labib R."
"Wilson RI"," Nicoll RA."
"French AM"," Scott NC."
"Wiedermann CJ"," Spector NH."
"Wu LG"," Saggau P."
"Benoit P"," Peutillot A."
"Shuklin AV"," Shvalev VN."
"Cellar NA"," Kennedy RT."
"Jin W"," Zang D."
"Mothet JP"," Snyder SH."
"Robin LN"," Kalloniatis M."
"Sarkisov DV"," Wang SS."
"Bonkowski L"," Dryden WF."
"Lum CT"," Stahl SM."
"Fredholm BB"," Dunwiddie TV."
"Viemari JC"," Tryba AK."
"Bröer S"," Gether U."
"Rangiah K"," Palakodeti D."
"Paixão S"," Klein R."
"McMahon HT"," Nicholls DG."
"López-Muñoz F"," Alamo C."
"Lovell RA"," Freedman DX."
"Daglish MR"," Nutt DJ."
"Nakib N"," Siegel S."
"Brandt T"," Strupp M."
"Janke W"," Netter P."
"Hodges MR"," Richerson GB."
"Davis RE"," Stretton AO."
"Aikawa H"," Shigeta S."
"Aggestrup S"," Jensen SL."
"Malyshev AIu"," Balaban PM."
"Veiga Fernández F"," Cruz Jentoft AJ."
"Fredrickson P"," Richelson E."
"Crook RB"," Polansky JR."
"Kobayashi M"," Hasimoto T."
"Relja M"," Lackvoić Z."
"Lam DM"," Hollyfield JG."
"Levi G"," Raiteri M."
"Mora F"," Porras A."
"Moucha R"," Kilgard MP."
"Legeza VI"," Markovskaia IV."
"Bowery NG"," Smart TG."
"Chimote KV"," Moghe PJ."
"Drew GM"," Sullivan AT."
"Baldwin HA"," File SE."
"Atta NF"," El-Kady MF."
"Flower G"," Wong-Lin K."
"Rampin O"," Giuliano F."
"Das A"," Chaudhuri SK."
"Burnod Y"," Korn H."
"Gregg TR"," Siegel A."
"Telegdy G"," Schally AV."
"Shah S"," Tear S."
"Braestrup C"," Nielsen M."
"Decker MW"," McGaugh JL."
"Paterson D"," Ognjenovic M."
"Wojcik SM"," Brose N."
"Nock B"," Feder HH."
"Steiner A"," Roussel AJ."
"Spencer RF"," Wang SF."
"Gilbey MP"," Spyer KM."
"Brown MJ"," Macquin I."
"Hettie KS"," Glass TE."
"Zanchetti A"," Stella A."
"Harden CL"," Pennell PB."
"Haitchi HM"," Holgate ST."
"Wang M"," Arnsten AF."
"Robinson MB"," Dowd LA."
"Satin LS"," Kinard TA."
"Sugiyama E"," Sugiura Y."
"Redburn DA"," Rowe-Rendleman C."
"Petrova NN"," Dorofeykova MV."
"Samson WK"," Resch ZT."
"Donzanti BA"," Yamamoto BK."
"Buchner E"," Gundersen CB."
"Gilron I"," Coderre TJ."
"Brzezinski A"," Benshushan A."
"Barajas-López C"," Huizinga JD."
"Ginsborg BL"," Searl JW."
"Frieling T"," Strohmeyer G."
"Zuiderwijk M"," Ghijsen WE."
"Mirmiran M"," Swaab DF."
"Buznikov GA"," Shmukler IuB."
"Mody I"," Pearce RA."
"Caspani G"," Swann J."
"Smaldone MC"," Chancellor MB."
"Boehm S"," Kubista H."
"Krueger S"," Fitzsimonds RM."
"Green WN"," Millar NS."
"Zablocka-Esplin B"," Esplin DW."
"Braun RL"," Peters MA."
"McGeer PL"," McGeer EG."
"Torre E"," Bogetto F."
"Hsu CT"," Bhandawat V."
"Kuriyama K"," Ohkuma S."
"Dieterich M"," Brandt T."
"Sukhdeo MV"," Mettrick DF."
"Dunn AL"," Dishman RK."
"Ikeda H"," Sheardown MJ."
"Strata P"," Harvey R."
"Archer DP"," Ravussin PA."
"Löscher W"," Hörstermann D."
"Lafon-Cazal M"," Morandini M."
"Dunant Y"," Israël M."
"Fernández-de-Miguel F"," Drapeau P."
"Sato M"," Morimoto K."
"Malchow RP"," Ramsey DJ."
"Beglinger C"," Gyr K."
"Barbanti P"," Fabbrini G."
"Schedlowski M"," Schmidt RE."
"Płaźnik A"," Kostowski W."
"Moore GJ"," Galloway MP."
"Haydon PG"," Man-Son-Hing H."
"Telegdy G"," Adamik A."
"Soon-Shiong P"," Debas HT."
"Morimoto K"," Sato K."
"Keller R"," Wunderer G."
"Brock JA"," Cunnane TC."
"van den Pol AN"," Tsujimoto KL."
"Paul SM"," Purdy RH."
"Avery DD"," Penn PE."
"Moosavi M"," Hatam GR."
"Yu W"," Miller RF."
"Vlasova IG"," Dolgopol'skii AL."
"Vincent JD"," Simonnet G."
"JavadiEsfahani R"," Kwong RWM."
"Brose N"," Rosenmund C."
"Gorman JM"," Sullivan G."
"Revin SB"," John SA."
"Furukawa T"," Matsuura S."
"Moroji T"," Matsuzaki I."
"Compagnone NA"," Mellon SH."
"Firdaus M"," Bukhari N."
"Rodríguez de Lores Arnaiz G"," Pellegrino de Iraldi A."
"Yamashita H"," Nagatomo T."
"Hamani C"," Moro E."
"Krajniak KG"," Greenberg MJ."
"Seil FJ"," Leiman AL."
"Fritz MA"," Speroff L."
"Harro J"," Oreland L."
"Huffman ML"," Venton BJ."
"Snyder SH"," Ferris CD."
"DeFeudis FV"," Martin del Rio R."
"Boto T"," Tomchik SM."
"Jackson DM"," Westlind-Danielsson A."
"Leslie RA"," Osborne NN."
"Machova J"," Boska D."
"Chey WY"," Chang T."
"Fosse VM"," Fonnum F."
"Matias I"," Di Marzo V."
"Torimitsu K"," Niwa O."
"Buznikov GA"," Berdysheva LV."
"Toljić Đ"," Angelovski G."
"Hakoda H"," Itoh H."
"Barry PH"," Lynch JW."
"Monti B"," Contestabile A."
"Kinugawa S"," Tsutsui H."
"McCairn KW"," Isoda M."
"Hollmann W"," Strüder HK."
"Kalloniatis M"," Fletcher EL."
"Trudeau LE"," Gutiérrez R."
"Naquet R"," Mennini C."
"Murphy BF"," Larimer JL."
"Crunelli V"," Di Giovanni G."
"Chistopol'skii IA"," Sakharov DA."
"Desai RV"," Bansilal S."
"Cantrill RC"," Brennan MJ."
"Chase DL"," Koelle MR."
"Conlay LA"," Zeisel SH."
"Oja SS"," Saransaari P."
"Pyza E"," Meinertzhagen IA."
"Rangiah K"," Palakodeti D."
"Matusák O"," Bauer V."
"Fonnum F"," Walaas I."
"Todorov L"," Papasova M."
"Murley AG"," Rowe JB."
"Moroz LL"," Kohn AB."
"Iakovlev GM"," Karlov VA."
"Rief W"," Barsky AJ."
"Brain PF"," Haug M."
"Bass AH"," Grober MS."
"Dobrynina ZB"," Lebedev GP."
"Bartłomiejska I"," Siusta M."
"Rudnick G"," Clark J."
"Schadt JC"," Ludbrook J."
"Krieger DT"," Krieger HP."
"Kanner BI"," Schuldiner S."
"Brownstein MJ"," Mezey E."
"Goadsby PJ"," Lance JW."
"Coyle JT"," Puttfarcken P."
"Oishi Y"," Lazarus M."
"Nestler EJ"," Hyman SE."
"Conti F"," Manzoni T."
"Amara SG"," Pacholczyk T."
"Growdon JH"," Wurtman RJ."
"Rotstein M"," Kang UJ."
"Klauenberg BJ"," Merritt JH."
"Gaillard WD"," Carpenter DO."
"Walsh JB"," Tuckwell HC."
"Schenk S"," Newcombe D."
"Fitch J"," Djamgoz MB."
"Parnas I"," Parnas H."
"Davis JM"," Bailey SP."
"Lau AY"," Roux B."
"Yee LF"," Mulvihill SJ."
"Ichinose M"," McAdoo DJ."
"Francis PT"," Bowen DM."
"Wolinsky EJ"," Patterson PH."
"Chan O"," Sherwin R."
"Coffey RG"," Hadden JW."
"Goff DC"," Evins AE."
"de Blas A"," Mahler HR."
"Ponnuswamy PK"," Lakshmanan M."
"Kryzhanovskiĭ GN"," Evseev VA."
"Greene JG"," Greenamyre JT."
"Murcott CA"," Carpenter JR."
"Takahashi M"," Ohnishi H."
"Zametkin AJ"," Rapoport JL."
"Vallet PG"," Bouras C."
"Veldhuis JD"," Johnson ML."
"Pessin M"," Adler R."
"Kesner RP"," Ellis ME."
"McFadden PN"," Koshland DE Jr."
"Garaschuk O"," Verkhratsky A."
"Scimemi A"," Beato M."
"Ago Y"," Matsuda T."
"Spafford JD"," Zamponi GW."
"Morley JE"," Blundell JE."
"Morris JL"," Gibbins IL."
"Herpertz S"," Schweiger U."
"Chance WT"," Fischer JE."
"McLean MA"," Barker GJ."
"Taban CH"," Cathieni M."
"Schmid A"," Duncker M."
"Obrenovitch TP"," Richards DA."
"O'Halloran DJ"," Bloom SR."
"Thomas-Reetz AC"," De Camilli P."
"Ranft U"," Hennig A."
"Ozaki M"," Sugawara K."
"Nazarali AJ"," Reynolds GP."
"Veselkin NP"," Natochin IuV."
"Siomopoulos V"," Crawford JW."
"Schultz KN"," Kennedy RT."
"Moriyama S"," Artis D."
"Astrov VV"," Kutsenko SA."
"Trouve R"," Nahas G."
"Uzan S"," Salat-Baroux J."
"Kier LB"," Truitt EB Jr."
"Gleiter CH"," Nutt DJ."
"Bruun A"," Ehinger B."
"Banks WA"," Kastin AJ."
"Arnold LE"," Nemzer E."
"Vincze E"," Köves K."
"Arango-Lievano M"," Jeanneteau F."
"Yazawa T"," Uemura I."
"Meinertzhagen IA"," Pyza E."
"Chub N"," O'Donovan MJ."
"Matsuda NM"," Miller SM."
"Mehta UM"," Gangadhar BN."
"Lipton SA"," Stevens CF."
"Shafer TJ"," Atchison WD."
"Bondy SC"," Harrington ME."
"Ellis KA"," Nathan PJ."
"Trendelenburg G"," Ströhle A."
"Mathangi DC"," Namasivayam A."
"Arrigoni E"," Saper CB."
"Arias-Carrión O"," Salama M."
"Cuadra G"," Giacobini E."
"Taylor JW"," Kaiser ET."
"Martinez D"," Narendran R."
"Bicker G"," Menzel R."
"Schwertz DW"," Barry CP."
"Puech AJ"," Martin P."
"Wong-Riley MT"," Liu Q."
"Hestrin S"," Galarreta M."
"Nakamura S"," Dohi T."
"Smith BH"," Rosich-Pla A."
"Connolly KR"," Thase ME."
"Matteoli M"," De Camilli P."
"de las Cuevas Castresana C"," González de Rivera JL."
"Langmeier M"," Maresová D."
"Liss S"," Liss B."
"Ashwood P"," Van de Water J."
"Pleuvry BJ"," Lauretti GR."
"Paterson WG"," Indrakrishnan B."
"Kahsai L"," Winther AM."
"Brownlee DJ"," Fairweather I."
"Burn DJ"," Warren NM."
"Dave UP"," Dastur DK."
"Nelson N"," Lill H."
"Mariussen E"," Fonnum F."
"Calzà L"," Giardino L."
"Brown DR"," O'Grady SM."
"Soto G"," Othmer HG."
"van Balken I"," Litvan I."
"Anderson H"," Yang Y."
"Oleinik AA"," Vast'ianov RS."
"Del Bigio MR"," Bruni JE."
"Katz J"," Waisman H."
"Gironell A"," Marin-Lahoz J."
"Whittle IR"," Piper IR."
"Hollmann W"," Strüder HK."
"Martinez-Millan L"," Pinilla MJ."
"Juchault P"," Legrand JJ."
"Mullen KD"," Kaminsky-Russ K."
"Gustafsson B"," Wigström H."
"Vizi ES"," Kiss JP."
"Nagy J"," Decsi L."
"Sun XP"," Stanley EF."
"Reis DJ"," Regunathan S."
"Luo H"," He RR."
"Elkhatib SK"," Case AJ."
"Mandell AJ"," Selz KA."
"Ball GF"," Balthazart J."
"Cottrell GA"," Turner JD."
"Chiu SY"," Kriegler S."
"Elmariah SB"," Lerner EA."
"Gürtner C"," Hör G."
"Logan WJ"," Swanson JM."
"Wise RA"," McDevitt RA."
"Godfrey PP"," Taghavi Z."
"Amara SG"," Arriza JL."
"Quandt J"," Sommer H."
"Duman O"," Durmaz E."
"Leonard J"," Montminy MR."
"Panzica G"," D'Este L."
"Robb S"," Evans PD."
"Boer GJ"," Swaab DF."
"Levine DS"," Leven SJ."
"Fava M"," Mischoulon D."
"Zefirov AL"," Sitdikova GF."
"Nishihara M"," Hirooka Y."
"Weiss N"," Zamponi GW."
"Chouard T"," Gray N."
"Chalmers J"," Pilowsky P."
"Sen N"," Snyder SH."
"Kirkwood A"," Lisman JE."
"Colciago A"," Magnaghi V."
"Bustos G"," Roth RH."
"Angelova C"," Balabanski L."
"Villar-Briones A"," Aird SD."
"Passlick S"," Ellis-Davies GCR."
"Relja M"," Lacković Z."
"Zucker RS"," Stockbridge N."
"Strobbe D"," Campanella M."
"Coyle JT"," van Gelder N."
"Bucher D"," Marder E."
"De Mey JG"," Vanhoutte PM."
"Khorkova O"," Golowasch J."
"Alipov NN"," Kositskiĭ GI."
"Rupniak NM"," Kramer MS."
"Connors BW"," Amitai Y."
"Verhoeven G"," De Gendt K."
"Krause HP"," Hoffmeister F."
"Gamberino WC"," Gold MS."
"Aumann Y"," Parnas H."
"Neylan TC"," van Kammen DP."
"Hermsmeier MA"," Gund TM."
"Aggarwal A"," Kaye DM."
"Lobbezoo F"," Naeije M."
"Bose R"," Bhattacharya SK."
"Fischer JE"," Baldessarini RJ."
"Wang HP"," Wu HY."
"Svec F"," Porter J."
"Little KY"," Sparks DL."
"Zhang ZH"," Zuo QH."
"Cesselin F"," Hamon M."
"Balaban CD"," Thayer JF."
"Tollefson GD"," Sanger TM."
"Zaika AP"," Gromov LA."
"Winer SA"," Rapkin AJ."
"Hinckel P"," Beckmann D."
"Chiba C"," Tazaki K."
"Gingras JL"," Weese-Mayer D."
"Hackett JT"," Ueda T."
"Alexandraki KI"," Grossman AB."
"Williams CL"," Smith SM."
"Barbour B"," Häusser M."
"Avoli M"," Krnjević K."
"Bunin MA"," Wightman RM."
"Alivisatos SG"," Arora RC."
"Kaźmierczak H"," Mierzwiński J."
"Arkhipov VI"," Azarashvili AA."
"Carpenter DO"," Hori N."
"Andrews PR"," Lloyd EJ."
"Balenzuela P"," García-Ojalvo J."
"Otsu Y"," Murphy TH."
"Nachshen DA"," Drapeau P."
"Gebert G"," Nguyen-Duong H."
"Ellis L"," Ames MA."
"Diatlov VA"," Beliaeva TV."
"Chan PH"," Fishman RA."
"Agarwala S"," Tamplin OJ."
"Anctil M"," Minh CN."
"LeFauconnier JM"," Klatzo I."
"Schacher S"," Montarolo PG."
"Jacintho JD"," Kovacic P."
"Johnston MV"," Silverstein FS."
"Millard CB"," Broomfield CA."
"Fesce R"," Meldolesi J."
"Bizzi E"," Clarac F."
"Amantea D"," Bagetta G."
"Siegel A"," Schubert K."
"Borodinsky LN"," Spitzer NC."
"Straka H"," Zettler F."
"Kawakami M"," Tamaki T."
"Guimarães S"," Moura D."
"Stein DJ"," Ludik J."
"Schwartz JP"," Costa E."
"Mitchell JE"," Eckert ED."
"Wang T"," Qin F."
"McGaugh J"," Introini-Collison I."
"Yin PB"," Mei ZT."
"Weindl A"," Sofroniew MV."
"Marder E"," Pearson KG."
"Sabelli HC"," May J."
"Kerwin RW"," Murray RM."
"Bennett JP"," Lowrie MB."
"Dahchour A"," De Witte P."
"Linster C"," Hasselmo ME."
"Ruscák M"," Orlický J."
"Frerking M"," Wilson M."
"Soriano E"," Frotscher M."
"Meeusen R"," Roelands B."
"Calaresu FR"," McKitrick DJ."
"Thase ME"," Schwartz TL."
"Barnes CD"," Fung SJ."
"Tsakadze LG"," Kometiani ZP."
"Tsuda K"," Masuyama Y."
"Valdman AV"," Avdulov NA."
"Youdim MB"," Green AR."
"Eckstein M"," Hurlemann R."
"Xia JD"," Dai YT."
"Kehoe J"," Marder E."
"Raiteri L"," Raiteri M."
"Dyball RE"," Paterson AT."
"Kotlyar BI"," Myasnikov AA."
"Hartmann A"," Heuser I."
"Shukla M"," Tripathi SN."
"Tristán-Noguero A"," García-Cazorla À."
"Mahadevan V"," Woodin MA."
"Miller DB"," O'Callaghan JP."
"Vartanian IA"," Shmigidina GN."
"Torrão AS"," Britto LR."
"Hebart MN"," Gläscher J."
"McGinty D"," Szymusiak R."
"Lauder JM"," Liu J."
"Sackner-Bernstein JD"," Hart D."
"Liu YQ"," Gu JF."
"Korn H"," Faber DS."
"Wagner U"," von Wichert P."
"Searl TJ"," Cunnane TC."
"Deuchars J"," Thomson AM."
"Ceia F"," Vicente L."
"Kentroti S"," Vernadakis A."
"Werner FM"," Coveñas R."
"Morgan GP"," Williams JG."
"Culman J"," Unger T."
"Dinan TG"," O'Keane V."
"Núñez R"," Perel JM."
"Hyvärinen J"," Pertovaara A."
"Agarwal SK"," Calaresu FR."
"Salt TE"," Hill RG."
"Katsoulis S"," Schmidt WE."
"Moody AS"," Sharma B."
"Bernstein BW"," Bamburg JR."
"Brown RP"," Mann JJ."
"Oaks AW"," Sidhu A."
"Velletri PA"," Lovenberg W."
"Altar CA"," DiStefano PS."
"Fahrenkrug J"," Hannibal J."
"Elias AN"," Vaziri ND."
"Katsuragi T"," Suzuki T."
"Coulombe JN"," Bronner-Fraser M."
"Kuriyama K"," Yoneda Y."
"Khoreva SA"," Vasil'ev NV."
"Palotai M"," Telegdy G."
"Smith SS"," Woolley CS."
"Graham BM"," Richardson R."
"Llinás R"," Moreno H."
"Juchault P"," Legrand JJ."
"Wang Y"," Griffiths WJ."
"Cook L"," Sepinwall J."
"Perkel DH"," Feldman MW."
"Sontag W"," Kalka D."
"Erecińska M"," Nelson D."
"Noronha KF"," Lange AB."
"St Haxholdt O"," Degn H."
"Post RM"," Bunney WE Jr."
"Glants RM"," Skovronskaia EV."
"Johnston MV"," Coyle JT."
"Russell RW"," Overstreet DH."
"Ryan AF"," Schwartz IR."
"Dunlap K"," Fischbach GD."
"Johansson JS"," Scharf D."
"Fingerman SW"," Russell LC."
"Ahtee L"," Attila LM."
"Otellin VA"," Saul'skaia NB."
"Dale N"," Kuenzi F."
"Haduch A"," Daniel WA."
"Sørensen LK"," Johannsen M."
"Swamy BE"," Venton BJ."
"Loggie JM"," Van Maanen EF."
"Kazemi H"," Hoop B."
"Zhou J"," Bradford HF."
"Kurokawa J"," Abriel H."
"Otsuka M"," Yoshioka K."
"Lesch KP"," Beckmann H."
"Walker RJ"," James VA."
"Clement Y"," Chapouthier G."
"Stein DG"," Sayeed I."
"Pollard AA"," Beck L."
"Chakraborty R"," Pardue MT."
"File SE"," Seth P."
"Ramsay RR"," Tipton KF."
"Laskawiec G"," Herman ZS."
"Ito T"," Hiramoto M."
"Azhipa IaI"," Egorova LK."
"Nakahara D"," Kato T."
"VON EULER US"," STJARNE L."
"Shupliakov O"," Brodin L."
"Fuder H"," Selbach M."
"Highnam KC"," Mordue AJ."
"Dorostkar MM"," Boehm S."
"Kinchesh P"," Ordidge RJ."
"Kaeser PS"," Regehr WG."
"Walker RJ"," Holden-Dye L."
"Herz A"," Schulz R."
"Offret G"," Dhermy P."
"Isakova AV"," Mednikova YS."
"Kleinhaus AL"," Angstadt JD."
"Tandon R"," Greden JF."
"Debray Q"," Galopin JC."
"Yoon BE"," Lee CJ."
"Miwa S"," Takikawa O."
"Parnas I"," Dudel J."
"Bottenstein JE"," de Vellis J."
"Pérez-Isidoro R"," Ruiz-Suárez JC."
"Lee R"," Coccaro E."
"Kater SB"," Lipton SA."
"Way EL"," Loh HH."
"Allan RD"," Johnston GA."
"Chen BM"," Grinnell AD."
"Osborne PG"," Hashimoto M."
"Bakalkin GIa"," Taborko MM."
"Blazie SM"," Jin Y."
"Sullivan AC"," Gruen RK."
"Schulz R"," Herz A."
"Evans PD"," O'Shea M."
"Knight J"," Nigam Y."
"Tucker DM"," Williamson PA."
"Julé Y"," Niel JP."
"Flacker JM"," Lipsitz LA."
"Cervero F"," Laird JM."
"Torgner I"," Kvamme E."
"Furness JB"," Sanger GJ."
"Marsicano G"," Lutz B."
"Chaudhuri S"," Bhaumik K."
"Henley JM"," Kirkham DM."
"Katz PS"," Harris-Warrick RM."
"Yaksh TL"," Myers RD."
"Nilsson GE"," Lutz PL."
"Samoĭlov MO"," Mokrushin AA."
"Lowin T"," Straub RH."
"Anderson PA"," Trapido-Rosenthal HG."
"Ramón F"," Rivera A."
"Blakeley AG"," Cunnane TC."
"Parnas H"," Sivan E."
"holaday JW"," Bernton EW."
"Taylor DP"," Roberts DE."
"Braga J"," Campar A."
"Palacios-Filardo J"," Mellor JR."
"Bioulac B"," Simonnet G."
"Galli C"," Racagni G."
"Kulcsár A"," Gergely J."
"Yao T"," Okano G."
"Thiessen DD"," Upchurch M."
"Serafeim A"," Gordon J."
"Miskowiak B"," Partyka M."
"Medina L"," Reiner A."
"Kirischuk S"," Grantyn R."
"Gomez-Mancilla B"," Bédard PJ."
"Maas JW"," Katz MM."
"Martin-Du Pan RC"," Dayer JM."
"Mandell AJ"," Setz KA."
"Schmidt LG"," Rommelspacher H."
"Mentjox HP"," Schuitemaker EA."
"Wang YX"," Yao T."
"Rothman JE"," Wieland FT."
"Gos T"," Hauser R."
"Weight FF"," Erulkar SD."
"Monnier M"," Hatt AM."
"McConalogue K"," Furness JB."
"Fendt SM"," Verstreken P."
"Besedovsky HO"," del Rey A."
"Gu ZZ"," Lu M."
"Larkman PM"," Hećimović H."
"Growdon JH"," Wurtman RJ."
"Wilcox CL"," Lange AB."
"Youdim MB"," Riederer P."
"Palacios JM"," Wamsley JK."
"Nutt D"," Glue P."
"Mitchell ES"," Neumaier JF."
"Roszman TL"," Brooks WH."
"Ohta K"," Matsushima E."
"Redman RS"," Silinsky EM."
"Kurisu S"," Kihara Y."
"Cote IL"," Wilson WA."
"Givertz MM"," Braunwald E."
"Galli C"," Petroni A."
"Kostiuk IF"," Mikliaeva NN."
"Rowe JS"," Ruddock KH."
"Kornhuber J"," Weller M."
"Ho DY"," Sapolsky RM."
"Kliuchko EM"," Trinus KF."
"Lopatina NG"," Chesnokova EG."
"Pestarino M"," Vallarino M."
"Peinado JM"," Myers RD."
"Daniels GM"," Amara SG."
"Nappi G"," Bono G."
"Otten U"," Gadient RA."
"Radomirov R"," Venkova K."
"Murray PA"," Vatner SF."
"Trifaró JM"," Vitale ML."
"Sutcliffe JG"," de Lecea L."
"Kanno Y"," Shiba Y."
"Ueki S"," Yamamoto T."
"Chekman LS"," Tumanov VA."
"Ujike H"," Kodama M."
"Snape WJ Jr"," Cohen S."
"Ahboucha S"," Butterworth RF."
"Parnas H"," Segel LA."
"Smith MJ"," Jennes L."
"Sah P"," Isaacson JS."
"Sousa B"," Nunes B."
"Nakamura K"," Mori K."
"Levi MS"," Borne RF."
"Wang JP"," Sun MJ."
"Inoue K"," Takano H."
"Wahl M"," Schilling L."
"Martínez-Rodriguez R"," Martínez-Murillo R."
"Kotel'nikov VP"," Morozov VN."
"Elfvin LG"," Forsman C."
"Barnabi F"," Cechetto DF."
"Ben Achour S"," Pascual O."
"Maycox PR"," Jahn R."
"Galoian AA"," Saakian FM."
"Bhattacharya SK"," Datla KP."
"Jessell TM"," Yamamoto M."
"Bonanno G"," Raiteri M."
"Mirzoian SA"," Topchian AV."
"Kilduff TS"," Peyron C."
"Nawa H"," Patterson PH."
"Phillis JW"," O'Regan MH."
"Anan'eva TV"," Dvoretskiĭ AI."
"Preziosi P"," Nisticò G."
"Thibaut F"," Colonna L."
"Bugel SM"," Tanguay RL."
"Izquierdo I"," Medina JH."
"Brown JP"," Bhowmik A."
"Blakely RD"," Duvarney RC."
"Wang J"," Tuzhi P."
"Herzig KH"," Purhonen AK."
"Uvnäs B"," Aborg CH."
"Buccafusco JJ"," Brezenoff HE."
"Montgomery AM"," Grottick AJ."
"Usher M"," Davelaar EJ."
"de Leeuw PW"," Birkenhäger WH."
"Cantera R"," Nässel DR."
"White JM"," Irvine RJ."
"Bonkowski L"," Dryden WF."
"Suzdak PD"," Paul SM."
"MARRAZZI AS"," HART ER."
"Ryzewski J"," Dabrowski M."
"Kvorning VG"," Knudsen FU."
"Jaeger CP"," Holzmann E."
"Emre M"," Qizilbash N."
"Gally JA"," Edelman GM."
"Witten JL"," O'Shea M."
"Anderson GH"," Johnston JL."
"Martínez-Lage JM"," Martínez-Vila E."
"Gudoshnikov VI"," Fedotov VP."
"Vizi ES"," Oberfrank F."
"Hasselgren PO"," Fischer JE."
"Krishna NS"," Subhedar NK."
"Schuller HM"," Al-Wadei HA."
"Rossor M"," Mountjoy CQ."
"Spitzer NC"," Borodinsky LN."
"Jachimowicz A"," Hoły Z."
"Sawynok J"," Reid A."
"Pennington AJ"," Pentreath VW."
"Heien ML"," Sweedler JV."
"Nicolaidis S"," Sivadjian J."
"Aprison MH"," Werman R."
"Dammerman RS"," Kriegstein AR."
"Donzanti BA"," Ung AK."
"Contreras E"," Martí MC."
"Gordon CJ"," Heath JE."
"Veith RC"," Raskind MA."
"Armstead WM"," Leffler CW."
"Zecca L"," Ferrario P."
"Scripcaru G"," Pirozynski T."
"Gallardo-Carpentier A"," Pradhan SN."
"Mimenza-Alvarado A"," Aguilar-Navarro S."
"Moss IR"," Inman JG."
"Mathangi DC"," Namasivayam A."
"Wu XW"," Wang MY."
"Sine SM"," Engel AG."
"Mosinger JL"," Altschuler RA."
"Oja SS"," Kontro P."
"Wu XS"," He SF."
"Olsson C"," Holmgren S."
"Arivazhagan P"," Panneerselvam C."
"Melcangi RC"," Mensah-Nyagan AG."
"Nageye F"," Cortese S."
"Sihra TS"," Nichols RA."
"Kushnir VE"," Okhon'ko VI."
"DeLander GE"," Wahl JJ."
"González A"," Northcutt RG."
"Galzigna L"," Maurel P."
"Harrelson A"," McEwen B."
"Basu S"," Dasgupta PS."
"Degroot A"," Nomikos GG."
"McIlwain H"," Snyder SH."
"Chow K"," Payne S."
"Lodin Z"," Faltin J."
"Dray A"," Straughan DW."
"Leitner P"," Bretschneider F."
"Brotz TM"," Borst A."
"Harvey S"," Phillips JG."
"Ulshafer RJ"," Meyer EM."
"Gossrau R"," Richter W."
"Mravec B"," Kiss A."
"Nicoll RA"," Barker JL."
"Vieth WR"," Ciftçi T."
"Saetrum Opgaard O"," Edvinsson L."
"Di GQ"," Qin ZQ."
"Hylland P"," Nilsson GE."
"Young JB"," Pratt CM."
"Vinogradov SIu"," Pogorelov IuV."
"van Niekerk JP"," Teggin AF."
"Ly SY"," Choi Dw."
"Glykys J"," Mody I."
"King BH"," Liston EH."
"Taleisnik S"," Haymal B."
"Stjärne L"," Stjärne E."
"Cunha RA"," Ribeiro JA."
"Vartanian GA"," Varlinskaia EI."
"Levine AS"," Billington CJ."
"Dulcis D"," Spitzer NC."
"Pepeu G"," Pepeu IM."
"Hurlbut WP"," Ceccarelli B."
"Nezlin LP"," Voronezhskaya EE."
"De Blas AL"," Sangameswaran L."
"Baldessarini RJ"," Fischer JE."
"Bai XN"," Cai WQ."
"Nieoullon A"," Kerkerian-Le Goff L."
"Auger AP"," Olesen KM."
"Zaia KA"," Reimer RJ."
"Benkert O"," Maier W."
"Creed KE"," Tulloch AG."
"Becherer U"," Rettig J."
"Liu H"," Lee SS."
"Ballaz SJ"," Rebec GV."
"Noel M"," Nemeroff CB."
"Coccaro EF"," Kavoussi RJ."
"Urban N"," Abi-Dargham A."
"Takeda K"," Ueda T."
"Parnas I"," Parnas H."
"Sarter M"," Kim Y."
"Garattini S"," Samanin R."
"Dittel BN"," Cancro MP."
"Kresiun NV"," Godlevskiĭ LS."
"Ashmarin IP"," Obukhova MF."
"Reynolds GP"," Pearson SJ."
"Paul V"," Ekambaram P."
"Wang YJ"," Zhang WN."
"Brownell P"," Mayeri E."
"McGaugh JL"," Introini-Collison IB."
"Rabins PV"," Arciniegas DB."
"Bercu BB"," Diamond FB Jr."
"Sawa A"," Snyder SH."
"Hernandes MS"," Troncone LR."
"Saetrum Opgaard O"," Edvinsson L."
"Chubb IW"," Millar TJ."
"Linderoth B"," Meyerson BA."
"Flores CM"," Vasko MR."
"Toda N"," Okamura T."
"Roberto M"," Brunelli M."
"Kolbinger W"," Weiler R."
"Brock JA"," Cunnane TC."
"Nowak JZ"," Zawilska JB."
"Melamed-Book N"," Rahamimoff R."
"Myers RD"," Sharpe LG."
"Keenan L"," Koopowitz H."
"Panzica GC"," Melcangi RC."
"McLachlan EM"," Keast JR."
"Ma R"," Murota S."
"Adam CL"," Robinson JJ."
"Rui H"," Purvis K."
"van Gool WA"," Bolhuis PA."
"Casey KL"," Morrow TJ."
"Rush ME"," Rinzel J."
"Eichhorn EJ"," Hjalmarson A."
"Kovács A"," Telegdy G."
"Python F"," Stocker RF."
"Peciña M"," Zubieta JK."
"Lôo H"," Cuche H."
"Janke W"," Netter P."
"Shirakawa T"," Moore RY."
"Billette J"," Tadros R."
"Kuriyama K"," Hirouchi M."
"Yotis A"," Vigouret JM."
"Callaway JC"," Stuart AE."
"Alcántara Montero A"," Brenes Bermúdez FJ."
"Itoh SG"," Okamoto Y."
"Currò D"," Preziosi P."
"Harmar T"," Lutz E."
"Kao LS"," Loh YP."
"Puppi A"," Dely M."
"Clement ME"," McCall RB."
"Kulig K"," Szwaczkiewicz M."
"Large WA"," Rang HP."
"Buckingham JC"," Hodges JR."
"Greene RW"," Haas HL."
"Uhl GR"," Snyder SH."
"Irving D"," Proctor P."
"Baker CM"," Grant GH."
"Kato F"," Shigetomi E."
"Jones SW"," Elmslie KS."
"Wilson BK"," Hess EJ."
"French KA"," Kristan WB Jr."
"O'Connor AT"," Clark MA."
"Protas LL"," Muske GA."
"Franks NP"," Lieb WR."
"McMahon LR"," Wellman PJ."
"Yosipovitch G"," Carstens E."
"Macdougall IJ"," Griffith R."
"Croushore CA"," Sweedler JV."
"Kaptchuk TJ"," Miller FG."
"Novozhilova AP"," Babmindra VP."
"Ceniceros S"," Brown GR."
"Kupfermann I"," Weiss KR."
"Hantouche E"," Baddoura C."
"Moore RY"," Speh JC."
"Kotliar BI"," Miasnikov AA."
"Castañeda-Hernández GC"," Bach-y-Rita P."
"Caza PA"," Spear LP."
"Head GA"," Sannajust F."
"Wu DW"," Shen XY."
"Almers W"," Tse FW."
"Gundelfinger ED"," tom Dieck S."
"Grimm JW"," See RE."
"Tanabe A"," Nomura S."
"Carroll PR"," Cobbin LB."
"Arciniegas DB"," Silver JM."
"Ellis JL"," Undem BJ."
"Valtorta F"," Benfenati F."
"Goncharova LB"," Tarakanov AO."
"Duhaime AC"," Raghupathi R."
"Todd AJ"," Spike RC."
"Bergmann KE"," Bergmann RL."
"Bernardini AP"," Silva Ade O."
"Mandell AJ"," Knapp S."
"Dion LD"," Blalock JE."
"Donini A"," Lange AB."
"Perea G"," Araque A."
"Meldahl AS"," Fonnum F."
"Butcher KS"," Cechetto DF."
"Blum K"," Trachtenberg MC."
"Sanes JR"," Lichtman JW."
"Leenders KL"," Aquilonius SM."
"Watkins JC"," Evans RH."
"Schoch S"," Gundelfinger ED."
"Matthaei H"," Philippu A."
"Smith YR"," Zubieta JK."
"Richelson E"," El-Fakahany E."
"Lieberman JA"," Koreen AR."
"Ramos-Alvarez I"," Jensen RT."
"Davies P"," Wolozin BL."
"Hitchcock SA"," Pennington LD."
"Ternova TI"," Fedotova AM."
"Kessler JA"," Freidin M."
"Mittal RK"," Smith TK."
"Zimmerman EF"," Wee EL."
"Sundermann RH"," Wooten GF."
"Edwards FA"," Gibb AJ."
"D'Aniello S"," Garcia-Fernàndez J."
"Turpaev TM"," Nechaeva MV."
"Xie YK"," Guo WH."
"Watkins JC"," Jane DE."
"Vollbracht S"," Rapoport AM."
"Hammann F"," Drewe J."
"Dinh-Xuan AT"," Tiev KP."
"Gent JP"," Wacey TA."
"Wurtman RJ"," Zervas NT."
"Colizzi M"," Bhattacharyya S."
"Liu Y"," Stanley EF."
"Stjärne L"," Alberts P."
"Goebel-Stengel M"," Wang L."
"Feldman JL"," Smith JC."
"Thomas P"," Pang Y."
"Gershon MD"," Erde SM."
"Hayes RL"," Dixon CE."
"De Feo V"," Faro C."
"Frey R"," Abdulla W."
"P'ianova RE"," Kovalev BM."
"Spigelman I"," Puil E."
"Edvinsson L"," Petersen KA."
"Holman GM"," Cook BJ."
"Freestone PP"," Lyte M."
"Sheng M"," Greenberg ME."
"Steiger H"," Bruce KR."
"Brownstein MJ"," Hoffman BJ."
"Parnas H"," Segel LA."
"Ettigi PG"," Brown GM."
"Petit M"," Dollfus S."
"Nicoll RA"," Malenka RC."
"Devillier P"," Advenier C."
"Honey G"," Bullmore E."
"Bercu BB"," Diamond FB Jr."
"Washio HM"," Inouye ST."
"Villaume S"," Norman P."
"McNeal ET"," Cimbolic P."
"Langley K"," Grant NJ."
"Bonvalot T"," Zarifian E."
"Keltner NL"," Wilson D."
"Khil'chenko EA"," Stetsula VI."
"FUHRUS C"," SEITZ W."
"Popov SV"," Poo MM."
"Diezi J"," Chédel D."
"Horn G"," Johnson MH."
"Nestoros JN"," Nistri A."
"Brodin L"," Grillner S."
"Hawksworth DJ"," Burnett AL."
"Costa D"," Baños JE."
"Bhattacharya SK"," Das Gupta G."
"Kim DY"," Chancellor MB."
"Jochem J"," Kasperska-Zajac A."
"Moore LE"," Buchanan JT."
"Pockett S"," Macdonald JA."
"Dubbeldam JL"," den Boer-Visser AM."
"Maeno T"," Enomoto K."
"Marder E"," Eisen JS."
"Nakajima T"," Hashimoto H."
"Loussouarn G"," Baró I."
"Mancinella A"," Guglielmi G."
"Woodward WR"," Lindström SH."
"Andrews PR"," Johnston GA."
"Kaplan AS"," Woodside DB."
"Large WA"," Rang HP."
"Slotkin TA"," Bartolome J."
"Torsoli A"," Severi C."
"Hollmann W"," Strüder HK."
"Gliksberg M"," Levkowitz G."
"Wang X"," Robertson D."
"Capozzi G"," Santoro G."
"Brodin L"," Grillner S."
"Zheng X"," Bobich JA."
"Tsagarakis S"," Grossman A."
"Wang W"," Chen YJ."
"Rozanova VD"," Li STs."
"Tritos NA"," Biller BMK."
"Musiek FE"," Hoffman DW."
"Landgraf R"," Wigger A."
"Jones LJ"," Norton WH."
"Piomelli D"," Sasso O."
"Peuker E"," Cummings M."
"Niles WD"," Cohen FS."
"Tepper JM"," Groves PM."
"Huidobro-Toro JP"," Montiel J."
"Baxi MD"," Vishwanatha JK."
"Teplov SI"," Pugovkin AP."
"Cipollone R"," Visca P."
"Inoue K"," Nakazawa K."
"Tang YY"," Tang XQ."
"Brock JA"," Cunnane TC."
"Uthaman M"," Srinivasa Reddy Y."
"Juchault P"," Legrand JJ."
"Ban T"," Yoshida S."
"Nezhentsev MV"," Aleksandrov SI."
"Lindgren CA"," Moore JW."
"Nurse CA"," Zhang M."
"Gitler AD"," Shorter J."
"Hinz G"," Dörner G."
"Sklar LS"," Anisman H."
"Morozova AS"," Val'dman AV."
"Káradóttir R"," Attwell D."
"Wong-Riley MT"," Liu Q."
"Erecińska M"," Silver IA."
"de la Presa Owens S"," Innis SM."
"Henriksson M"," Huttunen MO."
"Lamprecht F"," Oertel W."
"Cuadra G"," Giacobini E."
"Ruskoné A"," Mignon M."
"Kito S"," Miyoshi R."
"Wauquier A"," Niemegeers CJ."
"Stjärne L"," Lundberg JM."
"Palmer MJ"," von Gersdorff H."
"Robbins RJ"," Landon RM."
"Terelak-Borys B"," Liberek I."
"Titeler M"," Seeman P."
"Araque A"," Perea G."
"Dreosti E"," Lagnado L."
"Ribeiro JA"," Sebastião AM."
"Carter CJ"," Pycock CJ."
"Harris M"," Leslie RD."
"Mysiw WJ"," Sandel ME."
"Crofford LJ"," Demitrack MA."
"Wittenburg N"," Baumeister R."
"Malik KU"," Sehic E."
"Gruden' MA"," Poletaev AB."
"Zhang ZJ"," Wang XM."
"Ogata N"," Tatebayashi H."
"De Ponti F"," Malagelada JR."
"Scholz KP"," Miller RJ."
"Lara DR"," Souza DO."
"Vasilev AN"," Kulish MV."
"Kater SB"," Guthrie PB."
"Zuber B"," Lučić V."
"Kastrubin EM"," Shakula AV."
"Farré R"," Sifrim D."
"Benfenati F"," Agnati LF."
"Guidetti P"," Schwarcz R."
"Parnas H"," Segel LA."
"Wang YX"," Quastel DM."
"Kiehn O"," Eken T."
"Mann DM"," Yates PO."
"Vorobeva OV"," Lubovceva LA."
"Meriney SD"," Dittrich M."
"Brosnan JT"," Brosnan ME."
"Aguila MC"," McCann SM."
"Waters BG"," Lapierre YD."
"Comis SD"," Leng G."
"Proudfit HK"," Anderson EG."
"Debas HT"," Mulvihill SJ."
"Schoenfeld TA"," Hamilton LW."
"Marder E"," Bucher D."
"Guo X"," Tang XC."
"Stockbridge N"," Hines M."
"Seal RP"," Edwards RH."
"Matsuno K"," Paton RC."
"Oken BS"," Salinsky M."
"Sorokin AS"," Markov IN."
"Arushanian EB"," Borovkova GK."
"Shimahara T"," Peretz B."
"Dolan RJ"," Grasby PM."
"Cutler NR"," Narang PK."
"Del Bigio MR"," Vriend JP."
"Puszkin S"," Schook W."
"Noori HR"," Jäger W."
"Tizabi Y"," Calogero AE."
"Sano Y"," Nojyo Y."
"Hamed SA"," Abdellah MM."
"Burley ES"," Ferrendelli JA."
"Yang AC"," Tsai SJ."
"Calakos N"," Scheller RH."
"Naletov SV"," Beletskiĭ EA."
"Al'oshyn BV"," Hubs'kyĭ VI."
"Lichtigfeld FJ"," Gillman MA."
"Martin-Du Pan R"," Vallotton MB."
"Sporns O"," Alexander WH."
"Grässel S"," Muschter D."
"Leng G"," Ludwig M."
"Tibbo P"," Warneke L."
"Zaks AS"," Bykova AA."
"Obara K"," Tanaka Y."
"Patthy M"," Gyenge R."
"Lévy M"," Safar M."
"Hofstatter L"," Girgis M."
"Peuker E"," Cummings M."
"Lokanatha V"," Rajendra W."
"Hori T"," Shiraishi H."
"Schneider EL"," Emr M."
"Hokfelt T"," Kuteeva E."
"Etnier JL"," Landers DM."
"Lehmann J"," Fibiger HC."
"Fukushi Y"," Yamamoto R."
"Xiao N"," Venton BJ."
"Lüningschrör P"," Sendtner M."
"Ross BD"," Blüml S."
"Marza E"," Lesa GM."
"Mantyh PW"," Kemp JA."
"Levine AS"," Billington CJ."
"Palmada M"," Centelles JJ."
"Lewis M"," Lewis DO."
"Adams LA"," Steiner RA."
"Lussier I"," Stip E."
"Cheĭdo MA"," Gevorgian MM."
"Lu W"," Chen Y."
"Bondy SC"," Agrawal AK."
"Dunlop J"," Griffiths R."
"Fykse EM"," Fonnum F."
"Wyatt RJ"," Gillin JC."
"Sharma SK"," Ebadi M."
"Geller B"," Greydanus DE."
"Ionescu-Tîrgoviţe C"," Iufu I."
"Augustine GJ"," Kasai H."
"Branco T"," Staras K."
"Starr PA"," Sewell WF."
"Pycock C"," Horton R."
"Guth PS"," Melamed B."
"Bali A"," Jaggi AS."
"Rahamimoff R"," Fernandez JM."
"Novikov VE"," Iasnetsov VV."
"Oswald RE"," Freeman JA."
"Scheer H"," Meldolesi J."
"Janković SM"," Protić BA."
"Sarantis M"," Attwell D."
"Grigoriev AI"," Egorov AD."
"Williams M"," Jarvis MF."
"Grieve A"," Griffiths R."
"Stuart AE"," Callaway JC."
"Windels F"," Kiyatkin EA."
"Sarthy PV"," Lam DM."
"Marino A"," Schettini G."
"Sominskiĭ VN"," Shibaeva TN."
"MacKenzie G"," Maguire J."
"Müller T"," Kettenmann H."
"Chanaday NL"," Kavalali ET."
"Landaburu RH"," Castellanos DE."
"Span JP"," Koopmans PP."
"Clossen BL"," Reddy DS."
"Francis NJ"," Landis SC."
"Gieren A"," Kokkinidis M."
"Kéri S"," Gulyás B."
"Lombardi WL"," Gilbert EM."
"Saakian AG"," Shvarts VIa."
"Mills PJ"," Dimsdale JE."
"Barker JL"," Gainer H."
"VanderWende C"," Spoerlein MT."
"Johnson MR"," Lydiard RB."
"Coccaro EF"," Kavoussi RJ."
"Hanumante MM"," Fingerman M."
"Goldring JM"," Blaustein MP."
"Korpi ER"," Wyatt RJ."
"Khani A"," Rainer G."
"Trachtenberg MC"," Blum K."
"Newman EA"," Zahs KR."
"Besedovsky HO"," del Rey A."
"Lundberg JM"," Hökfelt T."
"Andresen MC"," Kunze DL."
"Grippo MA"," Heath AG."
"Shen KZ"," Zhang JR."
"Crawford DC"," Kavalali ET."
"Parnas H"," Parnas I."
"Vautrin J"," Mambrini J."
"Shaikh S"," Kerwin RW."
"Lemoine P"," Allain H."
"Wyatt HJ"," Day NW."
"Sullivan KG"," Levin M."
"Folkow B"," Hallbäck M."
"Richer E"," Tell L."
"Auld DS"," Robitaille R."
"Hogg K"," McMurray J."
"Revest PA"," Abbott NJ."
"Mathangi DC"," Namasivayam A."
"Bazargani N"," Attwell D."
"Logue NA"," Byth W."
"Jellinger K"," Riederer P."
"Isaksson A"," Sjöstrand NO."
"Adler G"," Grube D."
"Saleh TM"," Cechetto DF."
"Vijayalaxmi"," Ganesh CB."
"Lemos JR"," Nordmann JJ."
"Blain H"," Jeandel C."
"Court JA"," Perry EK."
"Koizumi S"," Inoue K."
"Bajjalieh SM"," Scheller RH."
"Eikenburg DC"," Lokhandwala MF."
"Dunlap K"," Fischbach GD."
"Erdi P"," Ropolyi L."
"Weiner H"," Mayer E."
"Lotstra F"," Biver F."
"Titmus MJ"," Faber DS."
"Catterall WA"," Few AP."
"Jiang H"," Wang X."
"Folkow B"," Svanborg A."
"Choong S"," Emberton M."
"Kiss T"," Krajcs N."
"Tate S"," Cook H."
"Rebec GV"," Pierce RC."
"Shahrezaei V"," Delaney KR."
"Schmidt-Wilcke T"," Clauw DJ."
"Kostiuk PG"," Chazov EI."
"Tsai CL"," Wang LH."
"Guilbaud O"," Corcos M."
"Silverman DH"," Karnovsky ML."
"Archer DP"," Ravussin PA."
"Airaksinen MM"," Peura P."
"Van Gool WA"," Mirmiran M."
"Krasnoperov OV"," Panchenko AL."
"Umrath K"," Silberbauer I."
"Bajjalieh SM"," Scheller RH."
"Wallace DR"," Dawson R Jr."
"Kalloniatis M"," Tomisich G."
"Barker JL"," Smith TG Jr."
"Fuss TL"," Cheng LL."
"Li XY"," Wang XY."
"Sharma HS"," Sharma A."
"Boegman RJ"," Bates LA."
"Onodera K"," Takeuchi A."
"Jindrak KF"," Jindrak H."
"Yuan H"," Silberstein SD."
"Otsuka M"," Takahashi T."
"Akirav I"," Maroun M."
"Lam RW"," Levitan RD."
"Liberzon I"," Phan KL."
"Price WA"," DiMarzio L."
"Hong GX"," Zeng XY."
"ANGYAN AJ"," SOOS ZP."
"Blanton MG"," Kriegstein AR."
"Parnas H"," Segel LA."
"Bowen AL"," Martin RS."
"Moutal A"," Khanna R."
"Ascenzi P"," Bocedi A."
"Gerashchenko D"," Shiromani PJ."
"Peris J"," Dunwiddie TV."
"Morley JE"," Thomas DR."
"Izumi F"," Oka M."
"Nakatsuka N"," Andrews AM."
"Szerb JC"," Fine A."
"Han X"," Jackson MB."
"Sommer C"," Myers RR."
"Werner G"," Mitterauer BJ."
"Ehinger B"," Lindberg B."
"Zárate N"," Mearin F."
"Zimmermann H"," Dowdall MJ."
"Paiva I"," Ribeiro C."
"De Petrocellis L"," Di Marzo V."
"Linster C"," Cleland TA."
"Wieraszko A"," Lynch G."
"Keil GJ 2nd"," DeLander GE."
"Killam EK"," Killam KF Jr."
"Miczek KA"," de Almeida RM."
"Beckmann D"," Hinckel P."
"Gibson PG"," Ryan NM."
"Bruns D"," Jahn R."
"Mellanby J"," Thompson PA."
"Ma S"," Gundlach AL."
"Osborne NN"," Neuhoff V."
"Andreae LC"," Burrone J."
"Lin MZ"," Schnitzer MJ."
"Waller MB"," Richter JA."
"Edwards FA"," Robertson SJ."
"Rayo I"," Marín Huerta E."
"Gross PM"," Weindl A."
"Sasaki H"," Arai H."
"Schon F"," Iversen LL."
"Sethuramanujam S"," Slaughter MM."
"Holmes SD"," Fairweather I."
"Strunskiĭ EG"," Nikol'skiĭ EE."
"Rubin SA"," Swan HJ."
"Burnstock G"," Ralevic V."
"Hnasko TS"," Edwards RH."
"Mohacsi P"," Graetz G."
"Clark B"," Häusser M."
"Mancia G"," Grassi G."
"Mustafin AM"," Biiasheva ZG."
"Jest P"," Hendriksen C."
"Fischer JE"," Bower RH."
"Yogman MW"," Zeisel SH."
"Ingram DK"," Corfman TP."
"Humbertson AO Jr"," Hall JL."
"Mulabegović N"," Rakanović-Todić M."
"Andrianov VV"," Sudakov KV."
"Flores-Cruz GM"," Escobar A."
"Nawy S"," Jahr CE."
"Terao T"," Collinson S."
"Rosenbaum JF"," Heninger G."
"Samson AL"," Medcalf RL."
"Schiff JD"," Mulhall JP."
"Zemelman BV"," Miesenböck G."
"Meller VH"," Davis RL."
"Liu GJ"," Takeuchi H."
"Aoyagi K"," Takahashi M."
"Markram H"," Tsodyks M."
"Cavanna AE"," Nani A."
"Andersson KE"," Abdel-Hamid IA."
"Ikeda H"," Robbins J."
"Adebanjo AO"," Ambache N."
"Nakao K"," Shimazu A."
"Klockgether T"," Turski L."
"Basterra J"," Fernández E."
"Fehm HL"," Voigt KH."
"Aleshin BV"," Natarov VV."
"Crowley SK"," Girdler SS."
"Ohkuma S"," Katsura M."
"Valente L"," Nishikura K."
"Storozheva ZI"," Proshin AT."
"Migulina EV"," Minor AV."
"Toffano G"," Bruni A."
"Debeljuk L"," Lasaga M."
"Murphy MF"," Davis KL."
"Rump LC"," Schollmeyer P."
"Tzeng MC"," Siekevitz P."
"van der Drift JH"," Stoof JC."
"Momose-Sato Y"," Sato K."
"Prichard JW"," Shulman RG."
"Buck SH"," Yamamura HI."
"Andrews CD"," Hutson PH."
"Tchekalarova J"," Georgiev V."
"Yazulla S"," Studholme KM."
"Axelrod J"," Saavedra JM."
"Türker RK"," Ercan ZS."
"Maruyama R"," Fukuda Y."
"Hinzen DH"," Riehl J."
"Hissa R"," Rautenberg W."
"Li S"," Shen J."
"Ebert D"," Berger M."
"Lefauconnier JM"," Hauw JJ."
"Ishizuka T"," Abe T."
"Vetulani J"," Nalepa I."
"Kononenko NI"," Osipenko ON."
"Bondy SC"," Purdy JL."
"Harper-Jaques S"," Reimer M."
"Bourge RC"," Tallaj JA."
"Dodds C"," Allison J."
"Ashcroft FM"," Rorsman P."
"Miner CM"," Davidson JR."
"Kaczyńska K"," Szereda-Przestaszewska M."
"Langer SZ"," Hicks PE."
"Birder LA"," de Groat WC."
"Ignelzi RJ"," Atkinson JH."
"DONOVAN BT"," HARRIS GW."
"Huxtable RJ"," Bonhaus DW."
"Schessel DA"," Highstein SM."
"Moorman SJ"," Whalen LR."
"Chang H"," Lee DH."
"Koester J"," Koch UT."
"Oliet SH"," Bourque CW."
"Abejuela HR"," Osser DN."
"Crampton GH"," Daunton NG."
"Powell AD"," Marrion NV."
"Tupeev IR"," Gomazkov OA."
"Omote H"," Moriyama Y."
"Relja M"," Neff NH."
"Petrie WM"," Ban TA."
"Berga SL"," Girton LG."
"Nomoto M"," Iwata S."
"Owman C"," Edvinsson L."
"Lin Y"," Carpenter DO."
"Subaraja M"," Janardhanam Vanisree A."
"CHIDSEY CA"," HARRISON DC."
"Dube P"," Weber KT."
"Kim S"," Webster MJ."
"Doughty B"," Crozier J."
"Alder J"," Poo MM."
"Pycock CJ"," Kerwin RW."
"Hunt WA"," Dalton TK."
"He F"," Balling R."
"Gerber U"," Gähwiler BH."
"Vutskits L"," Habre W."
"Swann JW"," Carpenter DO."
"Couraud PO"," Strosberg AD."
"Kutsenko SA"," Savateev NV."
"Zavalishin IA"," Barkhatova VP."
"Legeza VI"," Kamynina MF."
"Selvaraj V"," Tu LN."
"Miller AL"," Ereshefsky L."
"Hascup KN"," Hascup ER."
"Zhang L"," Niu X."
"Raikhlin NT"," Alyev DI."
"Marder E"," Thirumalai V."
"Elsås T"," White LR."
"Ruffolo RR Jr"," Feuerstein GZ."
"de Lecea L"," Sutcliffe JG."
"Amann B"," Grunze H."
"Kuramoto T"," Haber B."
"Toru M"," Itokawa M."
"Russell SD"," DeWald T."
"Young AM"," Bradford HF."
"Bondy SC"," Walker CH."
"Jocham G"," Ullsperger M."
"Dunbar SJ"," Piek T."
"Gozal D"," Gaultier C."
"Yu HH"," Avery JK."
"Hunt WA"," Majchrowicz E."
"Kladkevich EB"," Motin VG."
"Sulzer D"," Pothos EN."
"Gart MS"," Gutowski KA."
"Mani S"," Portillo W."
"Bossowska A"," Majewski M."
"Robitaille R"," Tremblay JP."
"Dunning BE"," Taborsky GJ Jr."
"Challacombe DN"," Wheeler EE."
"Hubschmann OR"," Kornhauser D."
"Vautrin J"," Barker JL."
"Vyskocil F"," Gutmann E."
"Rubino A"," Burnstock G."
"Brown TH"," Johnston D."
"Brugge JF"," Geisler CD."
"Pin JP"," Duvoisin R."
"Oh SJ"," Fan X."
"Halassa MM"," Haydon PG."
"Shih TM"," Hanin I."
"Plekss OJ"," Margolin S."
"Hnasko TS"," Edwards RH."
"Rujescu D"," Giegling I."
"Scholz H"," Mustard JA."
"Van Cauter E"," Dumont JE."
"Ishikawa K"," McGaugh JL."
"Meijler FL"," Janse MJ."
"Kaczmarek LK"," Davison AN."
"Vijayanathan L"," Raj RK."
"Rösser N"," Flöel A."
"Shetty DN"," Pathak SS."
"Underner M"," Patte F."
"Wilkens JL"," Taylor HH."
"Ewing SG"," Winter C."
"von Gersdorff H"," Matthews G."
"Bobbin RP"," Morgan DN."
"Homan AE"," Meriney SD."
"Chinopoulos C"," Starkov A."
"Marks I"," Tobeña A."
"Li YF"," Patel KP."
"Zieglgänsberger W"," Sutor B."
"Shaw K"," Bloom A."
"Bourcier S"," Hoppilliard Y."
"Boyd PJ"," Walker RJ."
"Corrent G"," Eskin A."
"Du JZ"," Li QF."
"Lieberman HR"," Wurtman RJ."
"Tretter F"," Gebicke-Haerter PJ."
"He LF"," Dong WQ."
"Misery L"," Claudy A."
"Anisimov VN"," Khavinson VKh."
"Hirsch JA"," Gibson GE."
"Connelly WM"," Baggott MJ."
"Lovinger DM"," Roberto M."
"Black IB"," Patterson PH."
"Warfield CA"," Stein JM."
"Berciano J"," Pascual J."
"Westcott EB"," Segal SS."
"Adams ME"," O'Shea M."
"Colonna L"," Petit M."
"Fujita K"," Nagata Y."
"Blazynski C"," Perez MT."
"Glue P"," Nutt D."
"Lill H"," Nelson N."
"O'Shea M"," Bishop CA."
"Geng L"," Ju G."
"van Hooft JA"," Vijverberg HP."
"Shavalev VN"," Vikhert AM."
"Kaverina NV"," Chumburidze VB."
"Wang J"," Chen Z."
"Grassi V"," Tantucci C."
"Logan WJ"," O'Neill B."
"Muthal AV"," Chopde CT."
"Ramnarine SI"," Rogers DF."
"Viswanathan N"," Sundararaj BI."
"Zinder O"," Dar DE."
"Zurgil N"," Zisapel N."
"Gurney A"," Manoury B."
"Mauger JP"," Claret M."
"Hunziker P"," Pfisterer M."
"Contrucci RB"," Wilpizeski CR."
"Sakai K"," Miyashita Y."
"Mariani L"," Barabino P."
"Phillips CE"," Freschi JE."
"Pfrieger FW"," Barres BA."
"Bykova AA"," Sedinina NS."
"Cremades A"," Peñafiel R."
"Dhaliwal D"," Bradford HF."
"Cunnane TC"," Stjärne L."
"Coull BM"," Cutler RW."
"Dorman DC"," Beasley VR."
"Rozanski GJ"," Jalife J."
"Grider JR"," Langdon LE."
"Dalziel C"," Veryard C."
"Andersson KE"," Stief CG."
"Sewell WF"," Mroz EA."
"Nawa H"," Otsu Y."
"Ebert TJ"," Stowe DF."
"Matsutani S"," Yamamoto N."
"Parnas H"," Segel LA."
"Shneker BF"," McAuley JW."
"Morán J"," Pasantes-Morales H."
"Boehning D"," Snyder SH."
"Hadjiconstantinou M"," Neff NH."
"Bowser-Riley F"," House CR."
"Marder E"," Eisen JS."
"Whalen RE"," Simon NG."
"Storella RJ"," Bierkamper GG."
"Adám AS"," Csillag A."
"Haulică I"," Bild W."
"Schlicker E"," Kathmann M."
"Vömel M"," Wegener C."
"Hanretta AT"," Lombardini JB."
"Podstawka E"," Niaura G."
"Snyder SH"," Innis RB."
"Bäckman L"," Winblad B."
"Tilson HA"," Mactutus CF."
"Hogerton AL"," Bowser MT."
"Strand AM"," Venton BJ."
"Castellucci V"," Kandel ER."
"Zhang WL"," Lu GW."
"Vernadakis A"," Kentroti S."
"Saji M"," Obata K."
"Vartanian GA"," Korneva EA."
"Căpâlnă S"," Baltă N."
"Petrini EM"," Barberis A."
"Ahmed MM"," Hussein MMA."
"Telegdy G"," Kovács GL."
"Gurevich MI"," Frol'kis IV."
"Shalet S"," Mukherjee A."
"Poitou P"," Bohuon C."
"Jessell TM"," Dodd J."
"Lees K"," Bowman AS."
"Zakharova MN"," Zavalishin IA."
"Elsner D"," Riegger GA."
"Levite M"," Chowers Y."
"Matsuzaki M"," Okusa T."
"Borison HL"," McCarthy LE."
"Sebastião AM"," Ribeiro JA."
"Madhur MS"," Harrison DG."
"Xi ZX"," Akasu T."
"Parnas I"," Parnas H."
"Jacobs AA"," Van Herp F."
"Allen MJ"," Murphey RK."
"Parnas H"," Parnas I."
"Murugaiyah V"," Mattson MP."
"Martin JB"," Gusella JF."
"Jovicić A"," Ivanisević V."
"Martin-Du Pan RC"," Wurtman RJ."
"Rizo J"," Xu J."
"Palotás A"," Kálmán J."
"Allain HJ"," Weintraub M."
"Long WA"," Lawson EE."
"Vrang N"," Larsen PJ."
"Brennan MJ"," Cantrill RC."
"Delgado RM 3rd"," Willerson JT."
"Ferrari MD"," Kok JG."
"Kater SB"," Mills LR."
"Minchin MC"," Pearson G."
"Dvoretskiĭ DP"," Tkachenko BI."
"Lose G"," Andersen JT."
"Shinohara M"," Kariya T."
"Blight AR"," Precht W."
"Cai Z"," Ratka A."
"Wood JD"," Mayer CJ."
"Neff NH"," Hadjiconstantinou M."
"Roper S"," Diamond J."
"Moran MG"," Thompson TL 2nd."
"Nishida Y"," Ito S."
"Battistin L"," Zanchin G."
"Maritzen T"," Haucke V."
"Bossong MG"," Niesink RJ."
"Grüb M"," Mielke J."
"Nishimura T"," Takeda M."
"Pool AH"," Scott K."
"Faber DS"," Korn H."
"Pincus JH"," Insler NF."
"Sperlágh B"," Vizi ES."
"Koslow SH"," Green AR."
"Rouzaire-Dubois B"," Scarnati E."
"Siviy SM"," Panksepp J."
"Petri E"," Kondo A."
"Slaughter MM"," Miller RF."
"Husain M"," Mehta MA."
"Donev R"," Alawam K."
"Weng JH"," Chung BC."
"Richardson JS"," Chiu EK."
"Gaudillère A"," Misery L."
"Schultheiss D"," Stief CG."
"Calvetti D"," Somersalo E."
"Yakovleva LM"," Lubovtseva LA."
"Schwarzberg H"," Pross M."
"Vinod KY"," Hungund BL."
"Goldberg SW"," Nahas SJ."
"Branco T"," Häusser M."
"Wojtowicz JM"," Atwood HL."
"Hatt H"," Smith DO."
"Dudley CA"," Moss RL."
"Abboud FM"," Singh MV."
"Gilsanz García V"," Bullón Ramírez A."
"Delpiano MA"," Acker H."
"Carmichael FJ"," Israel Y."
"Bartolomé MV"," Gil-Loyzaga P."
"McEwen BS"," Parsons B."
"Barnes PJ"," Belvisi MG."
"Jack RA"," Mathew RJ."
"Goridis C"," Brunet JF."
"Wang ZY"," Bisgard GE."
"Slaughter MM"," Miller RF."
"Rawson NE"," Yee KK."
"Darbra S"," Pallarès M."
"Hamilton NB"," Attwell D."
"Maguire J"," Mody I."
"Gerlai R"," Gerlai J."
"Torkkeli PH"," Panek I."
"Dunn AJ"," Berridge CW."
"Cutler RW"," Young J."
"Barker JL"," Smith TG Jr."
"Dworkin SI"," Smith JE."
"Chan CC"," Kalsner S."
"Kelley KW"," McCusker RH."
"Meller K"," Tetzlaff W."
"Duffy S"," MacVicar BA."
"Agren H"," Niklasson F."
"Nicoll RA"," Alger BE."
"Calne DB"," Stoessl AJ."
"Kovács GL"," Versteeg DH."
"Rudolph W"," Hall D."
"Adeola O"," Ball RO."
"Husain MM"," Lisanby SH."
"Sanders KM"," Ward SM."
"Miles GB"," Sillar KT."
"Cartmell J"," Schoepp DD."
"Gabor A"," Leenen FH."
"Vassort G"," Alvarez J."
"Forbes JM"," Baile CA."
"Utevskiĭ AM"," Osinskaia VO."
"Parwani P"," Ryan J."
"Talal AH"," Drossman DA."
"Granger NA"," Sehnal F."
"Malik R"," Ferguson AV."
"Blakeley AG"," Summers RJ."
"Palmero F"," Choliz M."
"Lee SH"," Dan Y."
"Sabelli HC"," Carlson-Sabelli L."
"Camacho A"," Dimsdale JE."
"Plinkert PK"," Zenner HP."
"Bittner GD"," Schatz RA."
"de Belleroche J"," Bradford HF."
"Zucker RS"," Landò L."
"Doménech M"," Coca A."
"Davis GW"," Müller M."
"Ramirez DM"," Kavalali ET."
"Piccinin GL"," Morocutti C."
"S-Rózsa K"," Salánki J."
"McHugh PR"," Robinson RG."
"DeRosa RA"," Govind CK."
"Rouse D"," Suki WN."
"Lechin F"," van der Dijs B."
"Watanabe H"," Tsuru H."
"Messing RB"," Lytle LD."
"Krüger THC"," Kneer J."
"De Vries GJ"," Villalba C."
"Galzi JL"," Changeux JP."
"Giuliano F"," Rampin O."
"Maelicke A"," Albuquerque EX."
"Li SC"," Sikström S."
"Kydd RR"," Wright JJ."
"Smith BH"," Kreutzberg GW."
"Mani AR"," Moore KP."
"Magoski NS"," Bulloch AG."
"Boucher SD"," Katz NL."
"Birkmayer W"," Riederer P."
"Fedulova SA"," Veselovsky NS."
"Zucker RS"," Haydon PG."
"Meeks TW"," Jeste DV."
"Shohamy D"," Adcock RA."
"Hapuarachchi S"," Aspinwall CA."
"Satchell DG"," Twarog BM."
"Lupo MP"," Cole AL."
"Rathmayer W"," Djokaj S."
"Mason BJ"," Heyser CJ."
"Kaye WH"," Weltzin TE."
"Stjärne L"," Stjärne E."
"Brock JA"," Cunnane TC."
"Frerking M"," Wilson M."
"Shukla T"," Sands BE."
"Cogen PH"," Zimmerman EA."
"Amit Z"," Galina ZH."
"Wu SM"," Yang XL."
"LISSAK K"," ENDROCZI E."
"Gorodinskiĭ AI"," Dambinova SA."
"Schmid SM"," Hollmann M."
"Baxter DA"," Bittner GD."
"Willems JL"," Bogaert MG."
"Aĭrapetian SN"," Carpenter DO."
"Bowker RM"," Abbott LC."
"KOHOUT J"," KORBOVA L."
"Fjalland B"," Boeck V."
"Thureson-Klein AK"," Klein RL."
"Carver CM"," Reddy DS."
"Gluckman PD"," Williams CE."
"Doi A"," Ramirez JM."
"Wang P"," Knösche TR."
"Li SC"," Rieckmann A."
"Jacobson AF"," Narula J."
"Pavlinov SA"," Votrin II."
"Evans RH"," Watkins JC."
"Romanova GA"," Karganov MIu."
"Villanueva V"," Serrano-Castro PJ."
"Del Arco A"," Mora F."
"Kennedy SH"," Rizvi SJ."
"von Zastrow M"," Williams JT."
"Takei N"," Nawa H."
"Sherwood NM"," Wu S."
"Khomiak EIa"," Kogosova LS."
"Miller NE"," Lipowski ZJ."
"Müller N"," Ackenheil M."
"Kumar P"," Peers C."
"Blanchard DC"," Blanchard RJ."
"Groves DJ"," Batten TF."
"Buchanan TM"," Ramadan NM."
"Wolf N"," Krieglstein K."
"Holden RJ"," Pakula IS."
"Greenblatt RB"," Karpas A."
"Herness MS"," Gilbertson TA."
"Schotanus SM"," Chergui K."
"Doble A"," Turnbull MJ."
"Ogawa N"," Kuroda H."
"Shipley MT"," Ennis M."
"Harvey AL"," Anderson AJ."
"Mulder AH"," Smelik PG."
"Whitaker PM"," Cross AJ."
"Freeman GB"," Gibson GE."
"Meyer SL"," Goodman RL."
"McCaddon A"," Kelly CL."
"Chowdrey HS"," Lightman SL."
"Hirvonen J"," Hietala J."
"Gibson A"," McFadzean L."
"Sano A"," Kakimoto Y."
"Zucker RS"," Fogelson AL."
"Pereira JC Jr"," Andersen ML."
"Moura M"," Estrada J."
"De Vivo DC"," Johnston MV."
"Kanner AM"," Balabanov A."
"Roberson ED"," Sweatt JD."
"Richardson JS"," Jesberger JA."
"Patel DR"," Feucht C."
"Danilova RA"," Ashmarin IP."
"Minnifield NM"," Hayes DK."
"Lepor H"," Shapiro E."
"Bloom FE"," Koda LY."
"Harper RM"," Bandler R."
"Arnt J"," Scheel-Krüger J."
"Tsang HW"," Ho TY."
"Andrianov GN"," Ryzhova IV."
"Barth BB"," Shen X."
"Toporikova N"," Butera RJ Jr."
"Roberts JG"," Sombers LA."
"Herring N"," Paterson DJ."
"Desai MJ"," Safriel Y."
"Damulewicz M"," Pyza E."
"Hertz L"," Gibbs ME."
"Grenhoff J"," Svensson TH."
"Seth PK"," Chandra SV."
"Morley JE"," Silver AJ."
"Rutecki PA"," Yang Y."
"Balnave RJ"," Gage PW."
"Garcia AG"," Kirpekar SM."
"Misu Y"," Goshima Y."
"Engelman HS"," MacDermott AB."
"Volynski KE"," Krishnakumar SS."
"Volman V"," Gerkin RC."
"Inokuchi A"," Oomura Y."
"Jobe PC"," Dailey JW."
"Kadota T"," Kadota K."
"Blakely RD"," Sung U."
"Maskrey M"," Bligh J."
"Sandor P"," Shapiro CM."
"Rostain JC"," Lavoute C."
"Eid CN Jr"," Rose GM."
"Burnett AL"," Lue TF."
"Straub RH"," Härle P."
"Heitkemper MM"," Marotta SF."
"Dale N"," Kandel ER."
"Koob GF"," Weiss F."
"Mann DM"," Yates PO."
"Georgiev DD"," Glazebrook JF."
"Wallin A"," Gottfries CG."
"Dashwood MR"," Loesch A."
"Jürgens U"," Lu CL."
"Civelli O"," Zhou QY."
"Murray JL"," Abraham GE."
"Naito Y"," Kuzuhara S."
"STRELIN GS"," KOZLOV VV."
"Eyzaguirre C"," Fidone SJ."
"Bone EA"," Michell RH."
"Cox B"," Lee TF."
"Gonçalves PP"," Silva VS."
"Levitsky DA"," Strupp BJ."
"Striano P"," Striano S."
"Tanaka M"," Sokabe M."
"Kosower NS"," Kosower EM."
"Hawthorne JN"," Pickard MR."
"Lovenberg W"," Victor SJ."
"Rogers DP"," Goldsmith CA."
"Fagg GE"," Foster AC."
"Dindiaev SV"," Pogorelov IuV."
"Harris JB"," Ribchester RR."
"Halbreich U"," Lumley LA."
"Davies LP"," Dowe GH."
"de Graaf-Peters VB"," Hadders-Algra M."
"Sherry DM"," Yazulla S."
"Husein El Hadmed H"," Castillo RF."
"Dominguez-Rodriguez A"," Abreu-Gonzalez P."
"Baerwald CG"," Panayi GS."
"Gimmel'farb GN"," Beletskaia NV."
"López-Pousa S"," Serra-Mestres J."
"Justice JB Jr"," Neill DB."
"Aldworth ZN"," Stopfer M."
"Loonen AJ"," Soudijn W."
"Levite Teichberg M"," Riederer P."
"Erecińska M"," Troeger MB."
"FEJFAR Z"," BROD J."
"Zhang H"," Song W."
"Zaman R"," Agius M."
"Takahashi M"," Shoji-Kasai Y."
"Krishnamoorthy ES"," Trimble MR."
"Kurz A"," Lauter H."
"Kaduk B"," Barth H."
"Sanberg PR"," Johnston GA."
"Pindok MT"," Glaviano VV."
"Wong DF"," Kuhar MJ."
"Ostrander EA"," Giniger E."
"Delvaux M"," Frexinos J."
"Hucho F"," Tsetlin V."
"Griffiths PR"," Brennan PA."
"Comerci MD"," Durante C."
"Otsu Y"," Murphy TH."
"Donly BC"," Caveney S."
"Marolda R"," Ruberto G."
"Peters A"," McEwen BS."
"Blum I"," Korczyn AD."
"Werner FM"," Coveñas R."
"Goriacheva LA"," Stulova EA."
"Blakeley AG"," Summers RJ."
"Sofia RD"," Knobloch LC."
"Dorr LD"," Brody MJ."
"Norris BK"," Schweinfurth JM."
"Hutson PH"," Curzon G."
"Shulman RG"," Rothman DL."
"Eaton MJ"," Moss RL."
"Qureshi IA"," Rao KV."
"Barkhatova VP"," Zavalishin IA."
"Buś R"," Pikuła S."
"Roelands B"," Meeusen R."
"Dluzen DE"," Ramirez VD."
"Li SC"," Dinse HR."
"Dharmsathaphorn K"," Barrett KE."
"Pinchuk VG"," Balitskiĭ KP."
"Fukuda M"," Mikoshiba K."
"Burt AM"," Narayanan CH."
"Rotshenker S"," Rahamimoff R."
"Thesleff S"," Lundh H."
"Kim JH"," Huganir RL."
"Chentanez T"," Redburn DA."
"Gentile NT"," McIntosh TK."
"Malloy TR"," Malkowicz B."
"Whittaker VP"," Luqmani YA."
"Greene RW"," Carpenter DO."
"Pinheiro PS"," Mulle C."
"Enna SJ"," Maggi A."
"Chesler M"," Chen JC."
"Bondy SC"," Purdy JL."
"Böke T"," Malik KU."
"Burleson ML"," Milsom WK."
"Nicholls D"," Attwell D."
"Jacqmin P"," Lesne M."
"Growdon JH"," Corkin S."
"Zhou T"," Wang TB."
"Edvinsson L"," Uddman R."
"Isaacson JS"," Walmsley B."
"Ahrén B"," Pettersson M."
"Swaab DF"," Mirmiran M."
"Has ATC"," Chebib M."
"Fong AY"," Potts JT."
"Zengel JE"," Magleby KL."
"LENFELD J"," STOJAN B."
"Fields RD"," Stevens-Graham B."
"Bennett MK"," Scheller RH."
"Sorkin LS"," Wallace MS."
"Deckert J"," Gleiter CH."
"Morris JF"," Pow DV."
"Cadet JL"," Lohr JB."
"Ankier SI"," Leonard BE."
"Olson LG"," Saunders NA."
"McKechnie SR"," Drummond GB."
"Reubi JC"," Maurer R."
"Zhao P"," Cheng J."
"Schmidt M"," Butterweck V."
"Campfield LA"," Smith FJ."
"Tilson HA"," Kodavanti PR."
"Bradbury AF"," Smyth DG."
"Johnson D"," Krenger W."
"Silinsky EM"," Searl TJ."
"Lai B"," Zheng P."
"Blight AR"," Precht W."
"Travagli RA"," Rogers RC."
"Kalant H"," Woo N."
"Trimbuch T"," Rosenmund C."
"Culotta E"," Koshland DE Jr."
"Zhou ZJ"," Zhao D."
"Dardenne M"," Savino W."
"Sawle GV"," Brooks DJ."
"Bowser MT"," Kennedy RT."
"Vermetten E"," Bremner JD."
"Blum R"," Konnerth A."
"Crawford AC"," McBurney RN."
"Liu QZ"," Hu LQ."
"Zesiewicz TA"," Sullivan KL."
"Kriebel ME"," Bridy DJ."
"Lnenicka GA"," Hong SJ."
"Kreitzer AC"," Berke JD."
"Earnst KS"," Kring AM."
"Anand A"," Paintal AS."
"Nishioka GJ"," Montgomery MT."
"Slominski A"," Wortsman J."
"Kalsner S"," Abdali SA."
"Lindgren CA"," Laird MV."
"Mukhopadhyay S"," Mukhopadhyay AK."
"Blass JP"," Gibson GE."
"Wooten GF"," Cardon PV."
"Lippe B"," Frasier SD."
"Cutolo M"," Straub RH."
"Karpenko MN"," Tikhomirova MS."
"Pearson SJ"," Reynolds GP."
"Stork O"," Pape HC."
"Delpire E"," Weaver CD."
"Burks FN"," Peters KM."
"Buchanan RW"," Carpenter WT Jr."
"Sharma A"," Mathur VP."
"Vizi ES"," Lábos E."
"Illes P"," Nörenberg W."
"Rowe JS"," Ruddock KH."
"Song SH"," Augustine GJ."
"Lagercrantz H"," Ringstedt T."
"GORSHKOVA SM"," ORLOVA SE."
"Müller N"," Schwarz MJ."
"Highstein SM"," Bennett MV."
"Lasek R"," Müller M."
"Williams DR"," Bürkner PC."
"Matty MA"," Chalasani SH."
"Südhof TC"," Jahn R."
"Filimonov VG"," Sherstnev VV."
"Hagan RM"," Hughes IE."
"Sakmann B"," Neher E."
"Hooper SL"," Marder E."
"Hobson JA"," McCarley RW."
"Panula P"," Nuutinen S."
"Lacour M"," Tighilet B."
"Silvestrini B"," Valeri P."
"Costa M"," Furness JB."
"Nettar K"," Maas C."
"Vilchis C"," Salceda R."
"Stahl SM"," Grady MM."
"Heath DL"," Vink R."
"Marchi M"," Grilli M."
"Kristensson K"," Olsson T."
"Walker RJ"," Kerkut GA."
"Helke CJ"," Rabchevsky A."
"Klyachko VA"," Jackson MB."
"Medina FJ"," Túnez I."
"Berninger B"," Poo Mm."
"Dreux C"," Launay JM."
"Maley B"," Elde R."
"Li X"," Clark JD."
"Moore RY"," Card JP."
"Zarrindast MR"," Oveisi MR."
"Vaarmann A"," Kask A."
"Mauskop A"," Altura BM."
"Pilc A"," Ossowska K."
"Wiśniewski K"," Car H."
"Sneddon P"," Graham A."
"Shekhtman MM"," Glezer GA."
"Weight FF"," Erulkar SD."
"Steiner MA"," Wotjak CT."
"Morley JE"," Levine AS."
"Port JD"," Agarwal N."
"Reichelt KL"," Edminson PD."
"Tsujimoto A"," Ikeda M."
"Farren CK"," Tipton KF."
"ZIEMLANSKI S"," MARKIEWICZ L."
"Srapionyan RM"," Galoyan AA."
"Zieger E"," Schubert M."
"Redburn DA"," Thomas TN."
"Hornby PJ"," Abrahams TP."
"Giniatullin RA"," Magazanik LG."
"Romanowska M"," Komoszyński M."
"Beckmann H"," Gattaz WF."
"Toru M"," Ichikawa H."
"James TA"," Starr MS."
"Navarro VM"," Tena-Sempere M."
"Lu T"," Trussell LO."
"Papp G"," Kopa Z."
"Ogawa T"," Asayama M."
"Light KE"," Stull RE."
"Agmon N"," Edelstein AL."
"Wakabayashi I"," Shizume K."
"Armstrong J"," Norris C."
"Smith CB"," Eiden LE."
"Frumkin LR"," Grim P."
"Asratian EA"," Simonov PV."
"Nakamura S"," Miyata S."
"Lafuente A"," Esquifino AI."
"Hamamoto Y"," Kano Y."
"Medina JH"," Izquierdo I."
"Kilbourn M"," Frey K."
"Grund T"," Neumann ID."
"Sikich L"," Todd RD."
"Bonanno G"," Raiteri M."
"Tiul'kova EI"," Sledkov AIu."
"Diehl DJ"," Gershon S."
"Storm-Mathisen J"," Ottersen OP."
"Telegdy G"," Adamik A."
"Pantano P"," Kuhr WG."
"Willow M"," Johnston GA."
"DeLander GE"," Wahl JJ."
"Güttler F"," Lou H."
"Fjellner B"," Hägermark O."
"Deleu D"," Bohle K."
"Bondy SC"," Harrington ME."
"Vivar C"," van Praag H."
"Parnas H"," Segel LA."
"Vizi ES"," Sperlágh B."
"Uziel Y"," Wolach B."
"Cane KN"," Anderson CR."
"Bristow MR"," Lowes BD."
"Crawley JN"," Corwin RL."
"Gold PW"," Charney DS."
"Habermeier-Muth A"," Muscholl E."
"Connolly CI"," Burns JB."
"Loh HH"," Li CH."
"Barkai AI"," Murthy LR."
"Zimmerman G"," Soreq H."
"Nadim F"," Bucher D."
"Tabti N"," Poo MM."
"Schwartz DD"," Eikenburg DC."
"Sterin-Borda L"," Borda E."
"Chichery R"," Chichery MP."
"Melcangi RC"," Panzica GC."
"Brett SJ"," Evans TW."
"Ilson D"," Collier B."
"Leung MS"," Wong CC."
"Nezabudkin SN"," Kachan AT."
"Gerstbrein K"," Sitte HH."
"Wilmore DW"," Aulick LH."
"Plotkin DA"," Jarvik LF."
"Higgins D"," Pappano AJ."
"Strnadová V"," Masek K."
"Ziller C"," Smith J."
"Shimizu T"," Karten HJ."
"Parnas I"," Parnas H."
"Finn JP 3rd"," Edwards RH."
"Negri L"," Ferrara N."
"Polli F"," Gattinoni L."
"Colpaert EE"," Lefebvre RA."
"Kalsbeek A"," Buijs RM."
"Cervero F"," Laird JM."
"Møller S"," Henriksen JH."
"Dube P"," Weber KT."
"Bekkers JM"," Stevens CF."
"Muthal AV"," Chopde CT."
"Mazière B"," Mazière M."
"Sherry DM"," Townes-Anderson E."
"Okada Y"," Hassler R."
"Ariel P"," Ryan TA."
"Post A"," Keck ME."
"Capek R"," Esplin B."
"Hurelbrink CB"," Lewis SJ."
"Spangler SA"," Hoogenraad CC."
"Cameron OG"," Nesse RM."
"Salter MW"," De Koninck Y."
"Hoffer BJ"," Siggins GR."
"Ramakrishnan L"," Hess GP."
"Carter DA"," Lightman SL."
"Melcangi RC"," Panzica G."
"Davis RE"," Stretton AO."
"Linthorst AC"," Reul JM."
"Natoff IL"," Dodge BB."
"Conover JC"," Notti RQ."
"Osborne NN"," Ghazi H."
"Rao MS"," Landis SC."
"Petersen OH"," Ueda N."
"Schrier BK"," Thompson EJ."
